id,start_date,end_date,transfer_fee,salary,release_clause
"865473_None",,None,0,None,None
"865473_None",,None,0,None,None
"865473_None",,None,0,None,None
"865473_None",,None,0,None,None
"865473_None",,None,0,None,None
"865473_None",,None,0,None,None
"865473_None",,None,0,None,None
"865473_None",,None,0,None,None
"865473_None",,None,0,None,None
"865473_None",,None,0,None,None
"933770_None",,None,0,None,None
"933770_None",,None,0,None,None
"933770_None",,None,0,None,None
"933770_None",,None,0,None,None
"990661_None",,None,0,None,None
"990661_None",,None,484000,None,None
"990661_None",,None,0,None,None
"990661_None",,None,0,None,None
"990661_None",,None,0,None,None
"990661_None",,None,0,None,None
"990661_None",,None,0,None,None
"990661_None",,None,0,None,None
"359290_None",,None,0,None,None
"359290_None",,None,0,None,None
"359290_None",,None,0,None,None
"359290_None",,None,0,None,None
"359290_None",,None,0,None,None
"359290_None",,None,0,None,None
"359290_None",,None,0,None,None
"359290_None",,None,0,None,None
"1155867_None",,None,0,None,None
"1155867_None",,None,0,None,None
"1155867_None",,None,0,None,None
"1155867_None",,None,0,None,None
"1155867_None",,None,0,None,None
"1155867_None",,None,0,None,None
"1155867_None",,None,0,None,None
"1155867_None",,None,0,None,None
"249437_None",,None,0,None,None
"249437_None",,None,0,None,None
"249437_None",,None,0,None,None
"249437_None",,None,0,None,None
"249437_None",,None,0,None,None
"249437_None",,None,0,None,None
"249437_None",,None,40000000,None,None
"249437_None",,None,11000000,None,None
"249437_None",,None,3500000,None,None
"249437_None",,None,0,None,None
"894744_None",,None,500000,None,None
"894744_None",,None,0,None,None
"894744_None",,None,0,None,None
"894744_None",,None,0,None,None
"894744_None",,None,0,None,None
"894744_None",,None,0,None,None
"894744_None",,None,0,None,None
"894744_None",,None,0,None,None
"894744_None",,None,0,None,None
"894744_None",,None,0,None,None
"27714_None",,None,0,None,None
"27714_None",,None,0,None,None
"27714_None",,None,0,None,None
"27714_None",,None,8500000,None,None
"27714_None",,None,0,None,None
"27714_None",,None,0,None,None
"27714_None",,None,8400000,None,None
"27714_None",,None,3500000,None,None
"27714_None",,None,0,None,None
"27714_None",,None,0,None,None
"27714_None",,None,0,None,None
"27714_None",,None,0,None,None
"27714_None",,None,8600000,None,None
"27714_None",,None,1100000,None,None
"27714_None",,None,2300000,None,None
"27714_None",,None,75000,None,None
"27714_None",,None,0,None,None
"27714_None",,None,0,None,None
"27714_None",,None,0,None,None
"1382913_None",,None,1500000,None,None
"1382913_None",,None,0,None,None
"340547_None",,None,0,None,None
"340547_None",,None,0,None,None
"340547_None",,None,0,None,None
"340547_None",,None,0,None,None
"340547_None",,None,,None,None
"340547_None",,None,0,None,None
"340547_None",,None,0,None,None
"340547_None",,None,0,None,None
"340547_None",,None,0,None,None
"340547_None",,None,0,None,None
"340547_None",,None,0,None,None
"340547_None",,None,0,None,None
"340547_None",,None,0,None,None
"340547_None",,None,0,None,None
"1199422_None",,None,0,None,None
"359278_None",,None,123000,None,None
"359278_None",,None,0,None,None
"359278_None",,None,0,None,None
"359278_None",,None,0,None,None
"359278_None",,None,0,None,None
"359278_None",,None,0,None,None
"359278_None",,None,0,None,None
"359278_None",,None,0,None,None
"359278_None",,None,0,None,None
"359278_None",,None,0,None,None
"1140890_None",,None,0,None,None
"1140890_None",,None,0,None,None
"1140890_None",,None,0,None,None
"340511_None",,None,0,None,None
"340511_None",,None,0,None,None
"340511_None",,None,0,None,None
"340511_None",,None,0,None,None
"340511_None",,None,0,None,None
"340511_None",,None,0,None,None
"340511_None",,None,0,None,None
"1095732_None",,None,369000,None,None
"1095732_None",,None,0,None,None
"1210560_None",,None,0,None,None
"1210560_None",,None,0,None,None
"1210560_None",,None,0,None,None
"1210560_None",,None,0,None,None
"1863859_None",,None,0,None,None
"880101_None",,None,0,None,None
"880101_None",,None,0,None,None
"880101_None",,None,0,None,None
"880101_None",,None,0,None,None
"880101_None",,None,0,None,None
"880101_None",,None,0,None,None
"2142026_None",,None,0,None,None
"2142026_None",,None,0,None,None
"973826_None",,None,377000,None,None
"973826_None",,None,0,None,None
"973826_None",,None,0,None,None
"973826_None",,None,0,None,None
"973826_None",,None,0,None,None
"973826_None",,None,0,None,None
"973826_None",,None,0,None,None
"973826_None",,None,0,None,None
"973826_None",,None,0,None,None
"973826_None",,None,0,None,None
"973826_None",,None,0,None,None
"1140872_None",,None,0,None,None
"1140872_None",,None,0,None,None
"965329_None",,None,0,None,None
"965329_None",,None,0,None,None
"965329_None",,None,0,None,None
"965329_None",,None,0,None,None
"965329_None",,None,0,None,None
"965329_None",,None,0,None,None
"965329_None",,None,0,None,None
"809290_None",,None,,None,None
"809290_None",,None,0,None,None
"809290_None",,None,0,None,None
"809290_None",,None,0,None,None
"809290_None",,None,0,None,None
"809290_None",,None,0,None,None
"809290_None",,None,0,None,None
"1009188_None",,None,0,None,None
"1009188_None",,None,0,None,None
"1009188_None",,None,109000,None,None
"1009188_None",,None,0,None,None
"970606_None",,None,,None,None
"970606_None",,None,0,None,None
"970606_None",,None,0,None,None
"970606_None",,None,0,None,None
"970606_None",,None,0,None,None
"1845545_None",,None,0,None,None
"1845545_None",,None,0,None,None
"970630_None",,None,100000,None,None
"970630_None",,None,0,None,None
"970630_None",,None,0,None,None
"970630_None",,None,0,None,None
"970630_None",,None,0,None,None
"1140796_None",,None,0,None,None
"1140796_None",,None,0,None,None
"1140796_None",,None,0,None,None
"1140796_None",,None,0,None,None
"2021713_None",,None,,None,None
"2021713_None",,None,0,None,None
"2021713_None",,None,0,None,None
"919739_None",,None,0,None,None
"919739_None",,None,0,None,None
"919739_None",,None,,None,None
"919739_None",,None,0,None,None
"919739_None",,None,0,None,None
"919739_None",,None,0,None,None
"919739_None",,None,277000,None,None
"919739_None",,None,0,None,None
"971037_None",,None,0,None,None
"971037_None",,None,0,None,None
"971037_None",,None,,None,None
"971037_None",,None,0,None,None
"971037_None",,None,21000000,None,None
"971037_None",,None,0,None,None
"986397_None",,None,76500000,None,None
"986397_None",,None,24000000,None,None
"986397_None",,None,0,None,None
"986397_None",,None,0,None,None
"986397_None",,None,2500000,None,None
"1004433_None",,None,0,None,None
"1004433_None",,None,0,None,None
"1004433_None",,None,2000000,None,None
"1004433_None",,None,0,None,None
"1004433_None",,None,0,None,None
"1474715_None",,None,440000,None,None
"1474715_None",,None,415000,None,None
"1474715_None",,None,0,None,None
"919681_None",,None,0,None,None
"919681_None",,None,0,None,None
"919681_None",,None,121000,None,None
"919681_None",,None,0,None,None
"919681_None",,None,0,None,None
"919681_None",,None,0,None,None
"1094481_None",,None,0,None,None
"1094481_None",,None,0,None,None
"1407116_None",,None,,None,None
"1407116_None",,None,0,None,None
"919489_None",,None,0,None,None
"919489_None",,None,0,None,None
"919489_None",,None,0,None,None
"919489_None",,None,0,None,None
"919489_None",,None,0,None,None
"1476706_None",,None,0,None,None
"1476706_None",,None,0,None,None
"1476706_None",,None,0,None,None
"1476706_None",,None,0,None,None
"1476706_None",,None,0,None,None
"978955_None",,None,0,None,None
"978955_None",,None,0,None,None
"978955_None",,None,0,None,None
"919533_None",,None,0,None,None
"919533_None",,None,0,None,None
"919533_None",,None,0,None,None
"919533_None",,None,0,None,None
"919533_None",,None,0,None,None
"919533_None",,None,0,None,None
"919533_None",,None,0,None,None
"919533_None",,None,0,None,None
"919533_None",,None,350000,None,None
"919533_None",,None,0,None,None
"919533_None",,None,0,None,None
"919533_None",,None,0,None,None
"1008872_None",,None,0,None,None
"1008872_None",,None,0,None,None
"1416474_None",,None,0,None,None
"1416474_None",,None,0,None,None
"1416474_None",,None,0,None,None
"1008631_None",,None,172000,None,None
"1008631_None",,None,0,None,None
"1402635_None",,None,0,None,None
"1402635_None",,None,0,None,None
"1402635_None",,None,0,None,None
"1402635_None",,None,0,None,None
"1402635_None",,None,0,None,None
"1402635_None",,None,0,None,None
"1894253_None",,None,0,None,None
"1894253_None",,None,0,None,None
"1894253_None",,None,0,None,None
"1894253_None",,None,0,None,None
"1894253_None",,None,0,None,None
"1894253_None",,None,0,None,None
"178721_None",,None,0,None,None
"178721_None",,None,0,None,None
"178721_None",,None,0,None,None
"178721_None",,None,0,None,None
"178721_None",,None,0,None,None
"178721_None",,None,0,None,None
"178721_None",,None,0,None,None
"1518450_None",,None,0,None,None
"1518450_None",,None,0,None,None
"1518450_None",,None,0,None,None
"1518450_None",,None,0,None,None
"919477_None",,None,,None,None
"919477_None",,None,0,None,None
"923882_None",,None,0,None,None
"923882_None",,None,0,None,None
"923882_None",,None,0,None,None
"923882_None",,None,0,None,None
"923882_None",,None,0,None,None
"1444497_None",,None,179000,None,None
"1444497_None",,None,0,None,None
"1008347_None",,None,0,None,None
"1008347_None",,None,0,None,None
"2046059_None",,None,0,None,None
"2046059_None",,None,0,None,None
"2046059_None",,None,0,None,None
"2046059_None",,None,0,None,None
"2046059_None",,None,0,None,None
"2127597_None",,None,,None,None
"359280_None",,None,0,None,None
"359280_None",,None,0,None,None
"359280_None",,None,0,None,None
"359280_None",,None,0,None,None
"359280_None",,None,0,None,None
"359280_None",,None,0,None,None
"359280_None",,None,0,None,None
"359280_None",,None,0,None,None
"359280_None",,None,0,None,None
"359280_None",,None,0,None,None
"359280_None",,None,0,None,None
"1401592_None",,None,0,None,None
"1401592_None",,None,0,None,None
"1401592_None",,None,0,None,None
"1168800_None",,None,0,None,None
"1168800_None",,None,,None,None
"1168800_None",,None,0,None,None
"1168800_None",,None,,None,None
"1168800_None",,None,,None,None
"1168800_None",,None,0,None,None
"1168800_None",,None,0,None,None
"1500985_None",,None,0,None,None
"1500985_None",,None,0,None,None
"961690_None",,None,0,None,None
"961690_None",,None,0,None,None
"961690_None",,None,0,None,None
"961690_None",,None,0,None,None
"961690_None",,None,0,None,None
"961690_None",,None,0,None,None
"544156_None",,None,0,None,None
"544156_None",,None,0,None,None
"544156_None",,None,0,None,None
"544156_None",,None,0,None,None
"544156_None",,None,0,None,None
"544156_None",,None,0,None,None
"544156_None",,None,0,None,None
"544156_None",,None,0,None,None
"544156_None",,None,0,None,None
"944009_None",,None,0,None,None
"944009_None",,None,0,None,None
"944009_None",,None,297000,None,None
"944009_None",,None,0,None,None
"944009_None",,None,0,None,None
"944009_None",,None,0,None,None
"944009_None",,None,0,None,None
"944009_None",,None,0,None,None
"944009_None",,None,0,None,None
"944009_None",,None,0,None,None
"374560_None",,None,0,None,None
"374560_None",,None,0,None,None
"374560_None",,None,0,None,None
"374560_None",,None,0,None,None
"374560_None",,None,0,None,None
"374560_None",,None,0,None,None
"374560_None",,None,0,None,None
"374560_None",,None,0,None,None
"374560_None",,None,0,None,None
"374560_None",,None,0,None,None
"374560_None",,None,0,None,None
"374560_None",,None,0,None,None
"1545316_None",,None,0,None,None
"1545316_None",,None,0,None,None
"1528418_None",,None,0,None,None
"1528418_None",,None,0,None,None
"919329_None",,None,0,None,None
"919329_None",,None,0,None,None
"919329_None",,None,0,None,None
"919329_None",,None,0,None,None
"919329_None",,None,0,None,None
"919329_None",,None,0,None,None
"919329_None",,None,0,None,None
"1140935_None",,None,0,None,None
"1140935_None",,None,0,None,None
"1140855_None",,None,0,None,None
"1140855_None",,None,0,None,None
"1461681_None",,None,0,None,None
"1461681_None",,None,0,None,None
"1461320_None",,None,0,None,None
"1613042_None",,None,0,None,None
"1482836_None",,None,0,None,None
"1482836_None",,None,770000,None,None
"1482836_None",,None,0,None,None
"812947_None",,None,0,None,None
"812947_None",,None,0,None,None
"812947_None",,None,0,None,None
"812947_None",,None,0,None,None
"812947_None",,None,0,None,None
"812947_None",,None,0,None,None
"812947_None",,None,0,None,None
"812947_None",,None,0,None,None
"812947_None",,None,0,None,None
"812947_None",,None,0,None,None
"812947_None",,None,0,None,None
"812947_None",,None,0,None,None
"812947_None",,None,0,None,None
"812947_None",,None,0,None,None
"812947_None",,None,0,None,None
"1008599_None",,None,0,None,None
"1008599_None",,None,0,None,None
"1008599_None",,None,0,None,None
"1008599_None",,None,0,None,None
"826571_None",,None,0,None,None
"826571_None",,None,0,None,None
"826571_None",,None,0,None,None
"826571_None",,None,0,None,None
"826571_None",,None,0,None,None
"826571_None",,None,0,None,None
"826571_None",,None,0,None,None
"1004523_None",,None,0,None,None
"1004523_None",,None,0,None,None
"1004523_None",,None,0,None,None
"1004523_None",,None,0,None,None
"1004523_None",,None,0,None,None
"316583_None",,None,0,None,None
"316583_None",,None,0,None,None
"316583_None",,None,0,None,None
"316583_None",,None,0,None,None
"316583_None",,None,0,None,None
"316583_None",,None,0,None,None
"316583_None",,None,0,None,None
"316583_None",,None,0,None,None
"316583_None",,None,0,None,None
"316583_None",,None,250000,None,None
"316583_None",,None,0,None,None
"316583_None",,None,120000,None,None
"1619134_None",,None,0,None,None
"1103558_None",,None,0,None,None
"1103558_None",,None,0,None,None
"1103558_None",,None,0,None,None
"1168800_None",,None,0,None,None
"1168800_None",,None,,None,None
"1168800_None",,None,0,None,None
"1168800_None",,None,,None,None
"1168800_None",,None,,None,None
"1168800_None",,None,0,None,None
"1168800_None",,None,0,None,None
"1500985_None",,None,0,None,None
"1500985_None",,None,0,None,None
"961690_None",,None,0,None,None
"961690_None",,None,0,None,None
"961690_None",,None,0,None,None
"961690_None",,None,0,None,None
"961690_None",,None,0,None,None
"961690_None",,None,0,None,None
"544156_None",,None,0,None,None
"544156_None",,None,0,None,None
"544156_None",,None,0,None,None
"544156_None",,None,0,None,None
"544156_None",,None,0,None,None
"544156_None",,None,0,None,None
"544156_None",,None,0,None,None
"544156_None",,None,0,None,None
"544156_None",,None,0,None,None
"944009_None",,None,0,None,None
"944009_None",,None,0,None,None
"944009_None",,None,297000,None,None
"944009_None",,None,0,None,None
"944009_None",,None,0,None,None
"944009_None",,None,0,None,None
"944009_None",,None,0,None,None
"944009_None",,None,0,None,None
"944009_None",,None,0,None,None
"944009_None",,None,0,None,None
"374560_None",,None,0,None,None
"374560_None",,None,0,None,None
"374560_None",,None,0,None,None
"374560_None",,None,0,None,None
"374560_None",,None,0,None,None
"374560_None",,None,0,None,None
"374560_None",,None,0,None,None
"374560_None",,None,0,None,None
"374560_None",,None,0,None,None
"374560_None",,None,0,None,None
"374560_None",,None,0,None,None
"374560_None",,None,0,None,None
"1545316_None",,None,0,None,None
"1545316_None",,None,0,None,None
"1528418_None",,None,0,None,None
"1528418_None",,None,0,None,None
"919329_None",,None,0,None,None
"919329_None",,None,0,None,None
"919329_None",,None,0,None,None
"919329_None",,None,0,None,None
"919329_None",,None,0,None,None
"919329_None",,None,0,None,None
"919329_None",,None,0,None,None
"1140935_None",,None,0,None,None
"1140935_None",,None,0,None,None
"1140855_None",,None,0,None,None
"1140855_None",,None,0,None,None
"1461681_None",,None,0,None,None
"1461681_None",,None,0,None,None
"1461320_None",,None,0,None,None
"1613042_None",,None,0,None,None
"1482836_None",,None,0,None,None
"1482836_None",,None,770000,None,None
"1482836_None",,None,0,None,None
"812947_None",,None,0,None,None
"812947_None",,None,0,None,None
"812947_None",,None,0,None,None
"812947_None",,None,0,None,None
"812947_None",,None,0,None,None
"812947_None",,None,0,None,None
"812947_None",,None,0,None,None
"812947_None",,None,0,None,None
"812947_None",,None,0,None,None
"812947_None",,None,0,None,None
"812947_None",,None,0,None,None
"812947_None",,None,0,None,None
"812947_None",,None,0,None,None
"812947_None",,None,0,None,None
"812947_None",,None,0,None,None
"1008599_None",,None,0,None,None
"1008599_None",,None,0,None,None
"1008599_None",,None,0,None,None
"1008599_None",,None,0,None,None
"826571_None",,None,0,None,None
"826571_None",,None,0,None,None
"826571_None",,None,0,None,None
"826571_None",,None,0,None,None
"826571_None",,None,0,None,None
"826571_None",,None,0,None,None
"826571_None",,None,0,None,None
"1004523_None",,None,0,None,None
"1004523_None",,None,0,None,None
"1004523_None",,None,0,None,None
"1004523_None",,None,0,None,None
"1004523_None",,None,0,None,None
"316583_None",,None,0,None,None
"316583_None",,None,0,None,None
"316583_None",,None,0,None,None
"316583_None",,None,0,None,None
"316583_None",,None,0,None,None
"316583_None",,None,0,None,None
"316583_None",,None,0,None,None
"316583_None",,None,0,None,None
"316583_None",,None,0,None,None
"316583_None",,None,250000,None,None
"316583_None",,None,0,None,None
"316583_None",,None,120000,None,None
"1619134_None",,None,0,None,None
"1103558_None",,None,0,None,None
"1103558_None",,None,0,None,None
"1103558_None",,None,0,None,None
"919474_None",,None,0,None,None
"919474_None",,None,140000,None,None
"1004426_None",,None,0,None,None
"1004426_None",,None,0,None,None
"1004426_None",,None,0,None,None
"1004426_None",,None,0,None,None
"1004426_None",,None,0,None,None
"1004426_None",,None,0,None,None
"1011278_None",,None,0,None,None
"1011278_None",,None,0,None,None
"1011278_None",,None,0,None,None
"1011278_None",,None,0,None,None
"1140820_None",,None,0,None,None
"1140820_None",,None,0,None,None
"1140820_None",,None,0,None,None
"1140820_None",,None,0,None,None
"1140820_None",,None,0,None,None
"1140820_None",,None,0,None,None
"1140820_None",,None,0,None,None
"1997651_None",,None,0,None,None
"1845576_None",,None,0,None,None
"1845576_None",,None,0,None,None
"1008621_None",,None,0,None,None
"1008621_None",,None,0,None,None
"1008621_None",,None,0,None,None
"1008621_None",,None,0,None,None
"1008621_None",,None,0,None,None
"1008621_None",,None,0,None,None
"1008621_None",,None,0,None,None
"1008621_None",,None,0,None,None
"1016143_None",,None,0,None,None
"1016143_None",,None,0,None,None
"1016143_None",,None,0,None,None
"1016143_None",,None,0,None,None
"1016143_None",,None,0,None,None
"1016143_None",,None,50000,None,None
"1016143_None",,None,0,None,None
"1016143_None",,None,0,None,None
"1186787_None",,None,0,None,None
"1186787_None",,None,0,None,None
"1186787_None",,None,0,None,None
"1186787_None",,None,0,None,None
"1186787_None",,None,0,None,None
"1186787_None",,None,0,None,None
"1186787_None",,None,0,None,None
"796155_None",,None,0,None,None
"796155_None",,None,0,None,None
"796155_None",,None,0,None,None
"796155_None",,None,0,None,None
"796155_None",,None,0,None,None
"796155_None",,None,0,None,None
"796155_None",,None,0,None,None
"1102955_None",,None,0,None,None
"1102955_None",,None,0,None,None
"1102955_None",,None,0,None,None
"1102955_None",,None,0,None,None
"1102955_None",,None,0,None,None
"1102955_None",,None,0,None,None
"1102955_None",,None,0,None,None
"1102955_None",,None,0,None,None
"1102955_None",,None,0,None,None
"544532_None",,None,0,None,None
"544532_None",,None,0,None,None
"544532_None",,None,0,None,None
"544532_None",,None,0,None,None
"544532_None",,None,0,None,None
"544532_None",,None,1250000,None,None
"544532_None",,None,0,None,None
"544532_None",,None,0,None,None
"544532_None",,None,0,None,None
"1605928_None",,None,0,None,None
"1605928_None",,None,0,None,None
"1605928_None",,None,0,None,None
"797021_None",,None,0,None,None
"797021_None",,None,0,None,None
"797021_None",,None,0,None,None
"797021_None",,None,0,None,None
"797021_None",,None,0,None,None
"797021_None",,None,0,None,None
"797021_None",,None,0,None,None
"797021_None",,None,0,None,None
"797021_None",,None,0,None,None
"797021_None",,None,0,None,None
"1213240_None",,None,0,None,None
"1213240_None",,None,0,None,None
"1213240_None",,None,0,None,None
"1213240_None",,None,0,None,None
"1213240_None",,None,0,None,None
"970835_None",,None,0,None,None
"970835_None",,None,0,None,None
"970835_None",,None,187000,None,None
"970835_None",,None,0,None,None
"330025_None",,None,0,None,None
"330025_None",,None,0,None,None
"330025_None",,None,0,None,None
"330025_None",,None,150000,None,None
"330025_None",,None,0,None,None
"330025_None",,None,0,None,None
"330025_None",,None,0,None,None
"330025_None",,None,0,None,None
"330025_None",,None,0,None,None
"330025_None",,None,0,None,None
"1952096_None",,None,46000,None,None
"1008280_None",,None,0,None,None
"1008280_None",,None,0,None,None
"919484_None",,None,0,None,None
"919484_None",,None,0,None,None
"906597_None",,None,0,None,None
"906597_None",,None,1700000,None,None
"906597_None",,None,1840000,None,None
"906597_None",,None,0,None,None
"906597_None",,None,0,None,None
"906597_None",,None,0,None,None
"906597_None",,None,0,None,None
"906597_None",,None,0,None,None
"906597_None",,None,0,None,None
"970819_None",,None,0,None,None
"970819_None",,None,0,None,None
"970819_None",,None,0,None,None
"1502265_None",,None,0,None,None
"1168799_None",,None,0,None,None
"971021_None",,None,0,None,None
"971021_None",,None,747000,None,None
"971021_None",,None,0,None,None
"971021_None",,None,0,None,None
"970766_None",,None,0,None,None
"970766_None",,None,0,None,None
"970766_None",,None,0,None,None
"919701_None",,None,0,None,None
"919701_None",,None,185000,None,None
"919701_None",,None,0,None,None
"1140885_None",,None,0,None,None
"1140885_None",,None,0,None,None
"1009912_None",,None,0,None,None
"1009912_None",,None,0,None,None
"1009912_None",,None,0,None,None
"1009912_None",,None,0,None,None
"1168539_None",,None,0,None,None
"1919278_None",,None,0,None,None
"1919278_None",,None,0,None,None
"1919278_None",,None,0,None,None
"1919278_None",,None,0,None,None
"1404064_None",,None,0,None,None
"1404064_None",,None,0,None,None
"1404064_None",,None,0,None,None
"1404064_None",,None,0,None,None
"1404064_None",,None,0,None,None
"1404064_None",,None,0,None,None
"2033440_None",,None,0,None,None
"2033440_None",,None,0,None,None
"1525540_None",,None,0,None,None
"1525540_None",,None,0,None,None
"1525540_None",,None,0,None,None
"1140850_None",,None,0,None,None
"1140850_None",,None,0,None,None
"1140850_None",,None,0,None,None
"1140850_None",,None,0,None,None
"1140850_None",,None,72000,None,None
"1140850_None",,None,0,None,None
"1140850_None",,None,0,None,None
"1140850_None",,None,0,None,None
"2033781_None",,None,,None,None
"2313076_None",,None,0,None,None
"2313076_None",,None,0,None,None
"2313076_None",,None,0,None,None
"2313076_None",,None,0,None,None
"2313076_None",,None,0,None,None
"2313076_None",,None,0,None,None
"2313076_None",,None,0,None,None
"2313076_None",,None,0,None,None
"939864_None",,None,0,None,None
"939864_None",,None,0,None,None
"939864_None",,None,0,None,None
"939864_None",,None,0,None,None
"939864_None",,None,0,None,None
"939864_None",,None,0,None,None
"939864_None",,None,0,None,None
"939864_None",,None,0,None,None
"939864_None",,None,0,None,None
"939864_None",,None,0,None,None
"919761_None",,None,0,None,None
"919761_None",,None,0,None,None
"1461306_None",,None,0,None,None
"1461306_None",,None,0,None,None
"1461306_None",,None,0,None,None
"1461306_None",,None,0,None,None
"1461306_None",,None,0,None,None
"1461306_None",,None,0,None,None
"884821_None",,None,0,None,None
"884821_None",,None,0,None,None
"884821_None",,None,0,None,None
"884821_None",,None,0,None,None
"884821_None",,None,0,None,None
"884821_None",,None,0,None,None
"884821_None",,None,0,None,None
"884821_None",,None,223000,None,None
"1919308_None",,None,0,None,None
"1919308_None",,None,0,None,None
"1919308_None",,None,0,None,None
"1919308_None",,None,0,None,None
"1919308_None",,None,0,None,None
"1919284_None",,None,0,None,None
"1919284_None",,None,0,None,None
"1919284_None",,None,0,None,None
"1919284_None",,None,0,None,None
"1919284_None",,None,0,None,None
"1919284_None",,None,0,None,None
"1919284_None",,None,0,None,None
"1919284_None",,None,0,None,None
"1919284_None",,None,0,None,None
"1632047_None",,None,0,None,None
"1632047_None",,None,0,None,None
"1632047_None",,None,0,None,None
"919951_None",,None,0,None,None
"919951_None",,None,0,None,None
"919951_None",,None,0,None,None
"919951_None",,None,0,None,None
"919951_None",,None,0,None,None
"919951_None",,None,0,None,None
"1020148_None",,None,0,None,None
"1020148_None",,None,0,None,None
"1020148_None",,None,0,None,None
"1919295_None",,None,0,None,None
"1919295_None",,None,0,None,None
"1103646_None",,None,0,None,None
"1103646_None",,None,0,None,None
"919690_None",,None,0,None,None
"919690_None",,None,0,None,None
"919690_None",,None,0,None,None
"919690_None",,None,120000,None,None
"919690_None",,None,0,None,None
"359282_None",,None,0,None,None
"359282_None",,None,0,None,None
"359282_None",,None,0,None,None
"359282_None",,None,0,None,None
"1009758_None",,None,0,None,None
"1009758_None",,None,0,None,None
"1009758_None",,None,0,None,None
"1009758_None",,None,0,None,None
"1433799_None",,None,0,None,None
"1433799_None",,None,0,None,None
"1433799_None",,None,0,None,None
"1433799_None",,None,0,None,None
"1919278_None",,None,0,None,None
"1919278_None",,None,0,None,None
"1919278_None",,None,0,None,None
"1919278_None",,None,0,None,None
"1404064_None",,None,0,None,None
"1404064_None",,None,0,None,None
"1404064_None",,None,0,None,None
"1404064_None",,None,0,None,None
"1404064_None",,None,0,None,None
"1404064_None",,None,0,None,None
"2033440_None",,None,0,None,None
"2033440_None",,None,0,None,None
"1525540_None",,None,0,None,None
"1525540_None",,None,0,None,None
"1525540_None",,None,0,None,None
"1140850_None",,None,0,None,None
"1140850_None",,None,0,None,None
"1140850_None",,None,0,None,None
"1140850_None",,None,0,None,None
"1140850_None",,None,72000,None,None
"1140850_None",,None,0,None,None
"1140850_None",,None,0,None,None
"1140850_None",,None,0,None,None
"2033781_None",,None,,None,None
"2313076_None",,None,0,None,None
"2313076_None",,None,0,None,None
"2313076_None",,None,0,None,None
"2313076_None",,None,0,None,None
"2313076_None",,None,0,None,None
"2313076_None",,None,0,None,None
"2313076_None",,None,0,None,None
"2313076_None",,None,0,None,None
"939864_None",,None,0,None,None
"939864_None",,None,0,None,None
"939864_None",,None,0,None,None
"939864_None",,None,0,None,None
"939864_None",,None,0,None,None
"939864_None",,None,0,None,None
"939864_None",,None,0,None,None
"939864_None",,None,0,None,None
"939864_None",,None,0,None,None
"939864_None",,None,0,None,None
"919761_None",,None,0,None,None
"919761_None",,None,0,None,None
"919469_None",,None,0,None,None
"919469_None",,None,0,None,None
"919469_None",,None,93000,None,None
"919469_None",,None,0,None,None
"919469_None",,None,0,None,None
"919469_None",,None,0,None,None
"919469_None",,None,0,None,None
"1954173_None",,None,,None,None
"1140833_None",,None,0,None,None
"1140833_None",,None,0,None,None
"1140833_None",,None,0,None,None
"1140833_None",,None,0,None,None
"2203635_None",,None,0,None,None
"2203635_None",,None,0,None,None
"2203635_None",,None,0,None,None
"1102957_None",,None,138000,None,None
"1102957_None",,None,0,None,None
"1102957_None",,None,0,None,None
"1155596_None",,None,0,None,None
"1182584_None",,None,0,None,None
"1182584_None",,None,67000,None,None
"845274_None",,None,0,None,None
"845274_None",,None,0,None,None
"845274_None",,None,0,None,None
"845274_None",,None,0,None,None
"845274_None",,None,0,None,None
"845274_None",,None,0,None,None
"845274_None",,None,0,None,None
"845274_None",,None,0,None,None
"845274_None",,None,1500000,None,None
"845274_None",,None,0,None,None
"845274_None",,None,0,None,None
"845274_None",,None,3500000,None,None
"845274_None",,None,0,None,None
"845274_None",,None,0,None,None
"1170317_None",,None,0,None,None
"1170317_None",,None,0,None,None
"1170317_None",,None,0,None,None
"1170317_None",,None,73000,None,None
"978956_None",,None,0,None,None
"366156_None",,None,0,None,None
"366156_None",,None,0,None,None
"366156_None",,None,0,None,None
"366156_None",,None,0,None,None
"366156_None",,None,,None,None
"366156_None",,None,0,None,None
"366156_None",,None,0,None,None
"366156_None",,None,0,None,None
"366156_None",,None,0,None,None
"366156_None",,None,0,None,None
"366156_None",,None,0,None,None
"366156_None",,None,0,None,None
"366156_None",,None,0,None,None
"366156_None",,None,0,None,None
"366156_None",,None,0,None,None
"366156_None",,None,0,None,None
"366156_None",,None,0,None,None
"366156_None",,None,0,None,None
"1114480_None",,None,0,None,None
"297510_None",,None,0,None,None
"297510_None",,None,0,None,None
"297510_None",,None,,None,None
"297510_None",,None,0,None,None
"297510_None",,None,0,None,None
"297510_None",,None,,None,None
"297510_None",,None,0,None,None
"297510_None",,None,0,None,None
"297510_None",,None,0,None,None
"297510_None",,None,0,None,None
"297510_None",,None,0,None,None
"919532_None",,None,450000,None,None
"919532_None",,None,191000,None,None
"919532_None",,None,0,None,None
"919532_None",,None,0,None,None
"919532_None",,None,0,None,None
"919532_None",,None,0,None,None
"919532_None",,None,0,None,None
"919532_None",,None,0,None,None
"919532_None",,None,0,None,None
"919532_None",,None,0,None,None
"1166995_None",,None,0,None,None
"1166995_None",,None,0,None,None
"1166995_None",,None,0,None,None
"1166995_None",,None,0,None,None
"919671_None",,None,0,None,None
"919671_None",,None,0,None,None
"919671_None",,None,0,None,None
"919671_None",,None,0,None,None
"919671_None",,None,366000,None,None
"1823726_None",,None,0,None,None
"1823726_None",,None,0,None,None
"1401535_None",,None,250000,None,None
"1401535_None",,None,0,None,None
"1401535_None",,None,0,None,None
"934196_None",,None,0,None,None
"934196_None",,None,0,None,None
"934196_None",,None,0,None,None
"934196_None",,None,3000000,None,None
"934196_None",,None,0,None,None
"934196_None",,None,0,None,None
"934196_None",,None,0,None,None
"867180_None",,None,0,None,None
"867180_None",,None,0,None,None
"867180_None",,None,0,None,None
"867180_None",,None,0,None,None
"867180_None",,None,0,None,None
"867180_None",,None,0,None,None
"867180_None",,None,0,None,None
"867180_None",,None,0,None,None
"867180_None",,None,0,None,None
"867180_None",,None,0,None,None
"1140803_None",,None,0,None,None
"1140803_None",,None,0,None,None
"1095727_None",,None,0,None,None
"1095727_None",,None,0,None,None
"782542_None",,None,0,None,None
"782542_None",,None,0,None,None
"782542_None",,None,334000,None,None
"1014377_None",,None,0,None,None
"1014377_None",,None,0,None,None
"1014377_None",,None,0,None,None
"1525293_None",,None,0,None,None
"970592_None",,None,0,None,None
"970592_None",,None,0,None,None
"970592_None",,None,0,None,None
"970592_None",,None,0,None,None
"970592_None",,None,0,None,None
"970592_None",,None,0,None,None
"970592_None",,None,0,None,None
"970592_None",,None,0,None,None
"141967_None",,None,0,None,None
"141967_None",,None,0,None,None
"141967_None",,None,0,None,None
"141967_None",,None,0,None,None
"141967_None",,None,0,None,None
"141967_None",,None,0,None,None
"141967_None",,None,0,None,None
"141967_None",,None,0,None,None
"970755_None",,None,0,None,None
"970755_None",,None,0,None,None
"970755_None",,None,0,None,None
"970755_None",,None,0,None,None
"970755_None",,None,0,None,None
"1118615_None",,None,0,None,None
"2265493_None",,None,0,None,None
"2265493_None",,None,0,None,None
"2265493_None",,None,0,None,None
"2265493_None",,None,0,None,None
"2265493_None",,None,0,None,None
"2265493_None",,None,0,None,None
"2265493_None",,None,0,None,None
"1525321_None",,None,0,None,None
"1525321_None",,None,0,None,None
"1525321_None",,None,0,None,None
"1525321_None",,None,0,None,None
"1140863_None",,None,0,None,None
"1140863_None",,None,0,None,None
"1140863_None",,None,0,None,None
"1140863_None",,None,0,None,None
"1140863_None",,None,0,None,None
"1140863_None",,None,0,None,None
"1140863_None",,None,0,None,None
"1140863_None",,None,0,None,None
"1923105_None",,None,0,None,None
"1923105_None",,None,0,None,None
"1923105_None",,None,0,None,None
"1923105_None",,None,0,None,None
"1923105_None",,None,0,None,None
"2161830_None",,None,0,None,None
"2161830_None",,None,0,None,None
"2161830_None",,None,0,None,None
"2161837_None",,None,0,None,None
"2161838_None",,None,0,None,None
"2161833_None",,None,0,None,None
"2161833_None",,None,0,None,None
"2161833_None",,None,0,None,None
"2161833_None",,None,0,None,None
"2161833_None",,None,0,None,None
"2161833_None",,None,0,None,None
"2161833_None",,None,0,None,None
"1103074_None",,None,0,None,None
"1103074_None",,None,0,None,None
"1103074_None",,None,0,None,None
"1103074_None",,None,0,None,None
"1387222_None",,None,0,None,None
"1387222_None",,None,0,None,None
"1387222_None",,None,0,None,None
"1525311_None",,None,0,None,None
"1525311_None",,None,0,None,None
"1525311_None",,None,0,None,None
"1525311_None",,None,0,None,None
"1525311_None",,None,0,None,None
"1525311_None",,None,0,None,None
"2161839_None",,None,0,None,None
"2161841_None",,None,0,None,None
"2161841_None",,None,0,None,None
"2161841_None",,None,0,None,None
"2161841_None",,None,0,None,None
"2161827_None",,None,0,None,None
"2161840_None",,None,0,None,None
"2161840_None",,None,0,None,None
"2161840_None",,None,0,None,None
"2161840_None",,None,0,None,None
"2161842_None",,None,0,None,None
"2161847_None",,None,0,None,None
"2161847_None",,None,0,None,None
"2161831_None",,None,0,None,None
"2161829_None",,None,0,None,None
"2161829_None",,None,0,None,None
"2161829_None",,None,0,None,None
"2161829_None",,None,0,None,None
"2265485_None",,None,0,None,None
"2265485_None",,None,0,None,None
"2265485_None",,None,0,None,None
"2265485_None",,None,0,None,None
"2265476_None",,None,0,None,None
"2265476_None",,None,0,None,None
"2265476_None",,None,0,None,None
"2265476_None",,None,0,None,None
"2265476_None",,None,0,None,None
"1525302_None",,None,0,None,None
"1525302_None",,None,0,None,None
"1525302_None",,None,0,None,None
"1525302_None",,None,0,None,None
"1525302_None",,None,0,None,None
"1525302_None",,None,0,None,None
"1525302_None",,None,0,None,None
"1464128_None",,None,0,None,None
"1464128_None",,None,0,None,None
"1464128_None",,None,0,None,None
"2161828_None",,None,0,None,None
"1014438_None",,None,0,None,None
"1014438_None",,None,0,None,None
"1014438_None",,None,0,None,None
"1004432_None",,None,0,None,None
"1004432_None",,None,0,None,None
"1004432_None",,None,0,None,None
"1004432_None",,None,0,None,None
"2161824_None",,None,0,None,None
"2265465_None",,None,0,None,None
"2265465_None",,None,0,None,None
"2265465_None",,None,0,None,None
"1140956_None",,None,0,None,None
"1140956_None",,None,0,None,None
"1140956_None",,None,0,None,None
"2161843_None",,None,0,None,None
"2161835_None",,None,0,None,None
"2161835_None",,None,0,None,None
"2161835_None",,None,0,None,None
"2161835_None",,None,0,None,None
"2161835_None",,None,0,None,None
"2161845_None",,None,0,None,None
"2161845_None",,None,0,None,None
"1874639_None",,None,0,None,None
"1874639_None",,None,0,None,None
"1874639_None",,None,0,None,None
"1029681_None",,None,0,None,None
"1029681_None",,None,0,None,None
"1029681_None",,None,0,None,None
"1029681_None",,None,0,None,None
"1029681_None",,None,0,None,None
"1029681_None",,None,0,None,None
"1029681_None",,None,0,None,None
"1404139_None",,None,0,None,None
"1404139_None",,None,0,None,None
"1404139_None",,None,0,None,None
"1404139_None",,None,0,None,None
"1140816_None",,None,0,None,None
"1140816_None",,None,0,None,None
"1140961_None",,None,0,None,None
"1140961_None",,None,0,None,None
"1140961_None",,None,0,None,None
"912144_None",,None,0,None,None
"912144_None",,None,0,None,None
"912144_None",,None,0,None,None
"912144_None",,None,0,None,None
"912144_None",,None,0,None,None
"912144_None",,None,0,None,None
"912144_None",,None,0,None,None
"912144_None",,None,0,None,None
"912144_None",,None,0,None,None
"912144_None",,None,0,None,None
"912144_None",,None,0,None,None
"912144_None",,None,0,None,None
"912144_None",,None,0,None,None
"912144_None",,None,0,None,None
"912144_None",,None,0,None,None
"1525299_None",,None,0,None,None
"1525299_None",,None,0,None,None
"1525299_None",,None,0,None,None
"1525299_None",,None,0,None,None
"1920160_None",,None,0,None,None
"1177366_None",,None,0,None,None
"1177366_None",,None,0,None,None
"1177366_None",,None,0,None,None
"1177366_None",,None,0,None,None
"1177366_None",,None,0,None,None
"1177366_None",,None,0,None,None
"1140899_None",,None,0,None,None
"1140899_None",,None,0,None,None
"2161836_None",,None,0,None,None
"2161836_None",,None,0,None,None
"2161836_None",,None,0,None,None
"2161836_None",,None,0,None,None
"2127598_None",,None,0,None,None
"919555_None",,None,0,None,None
"919555_None",,None,0,None,None
"919555_None",,None,0,None,None
"919555_None",,None,0,None,None
"919555_None",,None,0,None,None
"919555_None",,None,0,None,None
"919555_None",,None,0,None,None
"919555_None",,None,0,None,None
"2002209_None",,None,0,None,None
"1140962_None",,None,0,None,None
"1140962_None",,None,0,None,None
"1140962_None",,None,0,None,None
"1140962_None",,None,0,None,None
"1140962_None",,None,0,None,None
"919738_None",,None,0,None,None
"919738_None",,None,0,None,None
"919738_None",,None,,None,None
"919738_None",,None,,None,None
"919738_None",,None,,None,None
"919738_None",,None,0,None,None
"919738_None",,None,,None,None
"919738_None",,None,0,None,None
"919738_None",,None,0,None,None
"919738_None",,None,0,None,None
"919738_None",,None,0,None,None
"1004256_None",,None,0,None,None
"1004256_None",,None,0,None,None
"1004427_None",,None,0,None,None
"1004427_None",,None,0,None,None
"1004427_None",,None,0,None,None
"1004427_None",,None,0,None,None
"1004427_None",,None,0,None,None
"1004427_None",,None,0,None,None
"1919273_None",,None,0,None,None
"1919273_None",,None,0,None,None
"1919273_None",,None,0,None,None
"1919273_None",,None,0,None,None
"1919290_None",,None,0,None,None
"1919290_None",,None,0,None,None
"1919290_None",,None,0,None,None
"1919290_None",,None,0,None,None
"1919290_None",,None,0,None,None
"1919297_None",,None,0,None,None
"1919297_None",,None,0,None,None
"1919330_None",,None,0,None,None
"1919330_None",,None,0,None,None
"1919330_None",,None,0,None,None
"1919330_None",,None,0,None,None
"1919307_None",,None,0,None,None
"1919307_None",,None,0,None,None
"794543_None",,None,0,None,None
"794543_None",,None,0,None,None
"794543_None",,None,0,None,None
"794543_None",,None,0,None,None
"970634_None",,None,0,None,None
"1920270_None",,None,0,None,None
"1916066_None",,None,0,None,None
"1916066_None",,None,0,None,None
"1004247_None",,None,0,None,None
"1897485_None",,None,0,None,None
"1897485_None",,None,0,None,None
"2265920_None",,None,0,None,None
"2265920_None",,None,0,None,None
"2265920_None",,None,0,None,None
"788969_None",,None,0,None,None
"788969_None",,None,0,None,None
"788969_None",,None,0,None,None
"788969_None",,None,0,None,None
"788969_None",,None,0,None,None
"788969_None",,None,0,None,None
"788969_None",,None,0,None,None
"788969_None",,None,0,None,None
"788969_None",,None,0,None,None
"788969_None",,None,0,None,None
"788969_None",,None,0,None,None
"788969_None",,None,1000000,None,None
"788969_None",,None,0,None,None
"788969_None",,None,350000,None,None
"788969_None",,None,0,None,None
"285941_None",,None,0,None,None
"285941_None",,None,0,None,None
"285941_None",,None,0,None,None
"285941_None",,None,0,None,None
"285941_None",,None,0,None,None
"285941_None",,None,1200000,None,None
"285941_None",,None,0,None,None
"285941_None",,None,0,None,None
"285941_None",,None,0,None,None
"285941_None",,None,0,None,None
"285941_None",,None,0,None,None
"285941_None",,None,0,None,None
"285941_None",,None,0,None,None
"981300_None",,None,38000,None,None
"981300_None",,None,0,None,None
"981300_None",,None,0,None,None
"981300_None",,None,0,None,None
"981300_None",,None,0,None,None
"981300_None",,None,0,None,None
"981300_None",,None,0,None,None
"1004260_None",,None,0,None,None
"1004260_None",,None,0,None,None
"1004260_None",,None,150000,None,None
"1004260_None",,None,0,None,None
"1185396_None",,None,0,None,None
"1185396_None",,None,0,None,None
"1185396_None",,None,38000,None,None
"1185396_None",,None,0,None,None
"930851_None",,None,0,None,None
"930851_None",,None,0,None,None
"930851_None",,None,0,None,None
"930851_None",,None,0,None,None
"930851_None",,None,0,None,None
"930851_None",,None,0,None,None
"930851_None",,None,0,None,None
"919527_None",,None,0,None,None
"919527_None",,None,0,None,None
"919527_None",,None,0,None,None
"1004540_None",,None,0,None,None
"1004547_None",,None,0,None,None
"1004547_None",,None,0,None,None
"1004547_None",,None,0,None,None
"1004547_None",,None,95000,None,None
"1004547_None",,None,0,None,None
"1004547_None",,None,0,None,None
"1004547_None",,None,0,None,None
"1004547_None",,None,19000,None,None
"1004547_None",,None,0,None,None
"1004547_None",,None,0,None,None
"1004547_None",,None,0,None,None
"782500_None",,None,0,None,None
"782500_None",,None,0,None,None
"782500_None",,None,0,None,None
"782500_None",,None,0,None,None
"782500_None",,None,0,None,None
"782500_None",,None,0,None,None
"782500_None",,None,0,None,None
"782500_None",,None,167000,None,None
"782500_None",,None,0,None,None
"2053850_None",,None,0,None,None
"2053850_None",,None,0,None,None
"359288_None",,None,0,None,None
"359288_None",,None,0,None,None
"359288_None",,None,0,None,None
"359288_None",,None,0,None,None
"359288_None",,None,0,None,None
"359288_None",,None,125000,None,None
"882322_None",,None,0,None,None
"882322_None",,None,,None,None
"882322_None",,None,0,None,None
"882322_None",,None,0,None,None
"882322_None",,None,0,None,None
"882322_None",,None,0,None,None
"1140920_None",,None,0,None,None
"1140920_None",,None,0,None,None
"1140920_None",,None,0,None,None
"1140920_None",,None,0,None,None
"1140846_None",,None,0,None,None
"1919291_None",,None,0,None,None
"966618_None",,None,0,None,None
"966618_None",,None,0,None,None
"966618_None",,None,0,None,None
"966618_None",,None,0,None,None
"966618_None",,None,0,None,None
"966618_None",,None,0,None,None
"1107604_None",,None,0,None,None
"1107604_None",,None,0,None,None
"1107604_None",,None,0,None,None
"1095734_None",,None,0,None,None
"1095734_None",,None,0,None,None
"1095734_None",,None,0,None,None
"997038_None",,None,0,None,None
"997038_None",,None,0,None,None
"997038_None",,None,0,None,None
"997038_None",,None,0,None,None
"997038_None",,None,0,None,None
"997038_None",,None,0,None,None
"997038_None",,None,0,None,None
"997038_None",,None,0,None,None
"997038_None",,None,0,None,None
"1923776_None",,None,0,None,None
"1923776_None",,None,0,None,None
"1923776_None",,None,0,None,None
"1923776_None",,None,0,None,None
"1923776_None",,None,0,None,None
"1095733_None",,None,0,None,None
"1095733_None",,None,0,None,None
"1095733_None",,None,0,None,None
"1095733_None",,None,0,None,None
"1525284_None",,None,0,None,None
"1525284_None",,None,0,None,None
"1525284_None",,None,0,None,None
"1525284_None",,None,0,None,None
"1525284_None",,None,0,None,None
"1525284_None",,None,0,None,None
"1994372_None",,None,0,None,None
"1140894_None",,None,,None,None
"1140894_None",,None,0,None,None
"1140894_None",,None,0,None,None
"1140894_None",,None,0,None,None
"1013427_None",,None,0,None,None
"1013427_None",,None,0,None,None
"1013427_None",,None,0,None,None
"1013427_None",,None,0,None,None
"1013427_None",,None,0,None,None
"1013427_None",,None,600000,None,None
"1013427_None",,None,0,None,None
"1407530_None",,None,0,None,None
"1407530_None",,None,0,None,None
"1407530_None",,None,0,None,None
"1407530_None",,None,0,None,None
"1942512_None",,None,0,None,None
"1942512_None",,None,0,None,None
"1957278_None",,None,0,None,None
"1957278_None",,None,0,None,None
"1095721_None",,None,0,None,None
"1095721_None",,None,0,None,None
"1095721_None",,None,0,None,None
"1095721_None",,None,0,None,None
"1095721_None",,None,0,None,None
"1095721_None",,None,0,None,None
"1095721_None",,None,0,None,None
"919342_None",,None,0,None,None
"919342_None",,None,0,None,None
"919342_None",,None,0,None,None
"919342_None",,None,0,None,None
"919342_None",,None,0,None,None
"919342_None",,None,0,None,None
"919342_None",,None,0,None,None
"919342_None",,None,76000,None,None
"919342_None",,None,0,None,None
"919342_None",,None,0,None,None
"919342_None",,None,0,None,None
"919342_None",,None,0,None,None
"919342_None",,None,0,None,None
"919342_None",,None,200000,None,None
"919342_None",,None,0,None,None
"919462_None",,None,0,None,None
"919462_None",,None,0,None,None
"919462_None",,None,0,None,None
"919462_None",,None,0,None,None
"919462_None",,None,0,None,None
"919462_None",,None,0,None,None
"919462_None",,None,0,None,None
"1525294_None",,None,0,None,None
"1525294_None",,None,0,None,None
"1525294_None",,None,0,None,None
"1525294_None",,None,0,None,None
"1525294_None",,None,0,None,None
"1525294_None",,None,0,None,None
"1525294_None",,None,0,None,None
"1140829_None",,None,0,None,None
"1140829_None",,None,0,None,None
"1095728_None",,None,0,None,None
"1095728_None",,None,0,None,None
"1095728_None",,None,0,None,None
"1919276_None",,None,0,None,None
"1919276_None",,None,0,None,None
"1919276_None",,None,0,None,None
"1010827_None",,None,0,None,None
"1010827_None",,None,0,None,None
"1457867_None",,None,0,None,None
"1140818_None",,None,0,None,None
"1140818_None",,None,0,None,None
"1140818_None",,None,0,None,None
"1140818_None",,None,113000,None,None
"1140818_None",,None,0,None,None
"1525306_None",,None,0,None,None
"1525306_None",,None,0,None,None
"1525306_None",,None,0,None,None
"1525306_None",,None,0,None,None
"1140911_None",,None,0,None,None
"1140911_None",,None,0,None,None
"1140911_None",,None,0,None,None
"1140911_None",,None,0,None,None
"1000440_None",,None,0,None,None
"1000440_None",,None,0,None,None
"1000440_None",,None,0,None,None
"1546502_None",,None,0,None,None
"1546502_None",,None,0,None,None
"1546502_None",,None,0,None,None
"1546502_None",,None,0,None,None
"919768_None",,None,0,None,None
"919768_None",,None,0,None,None
"1140922_None",,None,0,None,None
"1140922_None",,None,0,None,None
"1140922_None",,None,0,None,None
"1140922_None",,None,0,None,None
"1140922_None",,None,0,None,None
"1004249_None",,None,0,None,None
"1004249_None",,None,0,None,None
"1004249_None",,None,0,None,None
"1004249_None",,None,0,None,None
"1004249_None",,None,0,None,None
"919632_None",,None,0,None,None
"919632_None",,None,0,None,None
"919632_None",,None,0,None,None
"919632_None",,None,0,None,None
"919632_None",,None,0,None,None
"919632_None",,None,0,None,None
"919632_None",,None,0,None,None
"919632_None",,None,0,None,None
"919632_None",,None,0,None,None
"919632_None",,None,0,None,None
"1008634_None",,None,0,None,None
"1008634_None",,None,0,None,None
"1063163_None",,None,0,None,None
"1063163_None",,None,0,None,None
"1063163_None",,None,0,None,None
"1063163_None",,None,0,None,None
"1063163_None",,None,0,None,None
"1063163_None",,None,0,None,None
"1063163_None",,None,0,None,None
"1063163_None",,None,0,None,None
"1063163_None",,None,0,None,None
"1063163_None",,None,0,None,None
"2003720_None",,None,0,None,None
"2003720_None",,None,0,None,None
"2003720_None",,None,0,None,None
"2003720_None",,None,0,None,None
"1140842_None",,None,0,None,None
"1597138_None",,None,0,None,None
"972819_None",,None,0,None,None
"972819_None",,None,0,None,None
"972819_None",,None,0,None,None
"972819_None",,None,0,None,None
"972819_None",,None,0,None,None
"1182630_None",,None,0,None,None
"864774_None",,None,0,None,None
"864774_None",,None,0,None,None
"864774_None",,None,0,None,None
"864774_None",,None,0,None,None
"864774_None",,None,0,None,None
"864774_None",,None,0,None,None
"864774_None",,None,0,None,None
"864774_None",,None,0,None,None
"864774_None",,None,0,None,None
"997190_None",,None,0,None,None
"997190_None",,None,0,None,None
"372340_None",,None,0,None,None
"372340_None",,None,0,None,None
"372340_None",,None,0,None,None
"372340_None",,None,0,None,None
"372340_None",,None,0,None,None
"372340_None",,None,0,None,None
"372340_None",,None,0,None,None
"372340_None",,None,0,None,None
"372340_None",,None,0,None,None
"372340_None",,None,0,None,None
"372340_None",,None,210000,None,None
"372340_None",,None,450000,None,None
"372340_None",,None,0,None,None
"372340_None",,None,0,None,None
"372340_None",,None,0,None,None
"372340_None",,None,0,None,None
"372340_None",,None,0,None,None
"372340_None",,None,0,None,None
"372340_None",,None,0,None,None
"1947611_None",,None,0,None,None
"1461782_None",,None,0,None,None
"1182631_None",,None,0,None,None
"1013197_None",,None,0,None,None
"1013197_None",,None,0,None,None
"1013197_None",,None,0,None,None
"1013197_None",,None,0,None,None
"1013197_None",,None,0,None,None
"1140799_None",,None,0,None,None
"1140843_None",,None,0,None,None
"1140843_None",,None,0,None,None
"1140843_None",,None,0,None,None
"1866207_None",,None,0,None,None
"975173_None",,None,0,None,None
"975173_None",,None,0,None,None
"975173_None",,None,0,None,None
"975173_None",,None,0,None,None
"975173_None",,None,0,None,None
"975173_None",,None,0,None,None
"975173_None",,None,0,None,None
"975173_None",,None,100000,None,None
"975173_None",,None,0,None,None
"1634303_None",,None,0,None,None
"1634303_None",,None,0,None,None
"1634303_None",,None,0,None,None
"1634303_None",,None,0,None,None
"1634303_None",,None,0,None,None
"1634303_None",,None,0,None,None
"1592863_None",,None,0,None,None
"1592863_None",,None,0,None,None
"1592863_None",,None,0,None,None
"988630_None",,None,0,None,None
"988630_None",,None,0,None,None
"988630_None",,None,0,None,None
"988630_None",,None,0,None,None
"988630_None",,None,0,None,None
"988630_None",,None,0,None,None
"988630_None",,None,0,None,None
"988630_None",,None,0,None,None
"988630_None",,None,0,None,None
"988630_None",,None,0,None,None
"988630_None",,None,0,None,None
"1008871_None",,None,0,None,None
"1008871_None",,None,0,None,None
"1008871_None",,None,0,None,None
"1655428_None",,None,0,None,None
"1606005_None",,None,0,None,None
"1463237_None",,None,0,None,None
"1089964_None",,None,0,None,None
"1089964_None",,None,0,None,None
"1089964_None",,None,0,None,None
"2169554_None",,None,0,None,None
"2169554_None",,None,0,None,None
"2169554_None",,None,100000,None,None
"2169554_None",,None,0,None,None
"141072_None",,None,0,None,None
"141072_None",,None,0,None,None
"141072_None",,None,500000,None,None
"141072_None",,None,0,None,None
"141072_None",,None,0,None,None
"141072_None",,None,1500000,None,None
"141072_None",,None,0,None,None
"141072_None",,None,0,None,None
"141072_None",,None,0,None,None
"141072_None",,None,0,None,None
"141072_None",,None,0,None,None
"141072_None",,None,0,None,None
"141072_None",,None,0,None,None
"141072_None",,None,0,None,None
"141072_None",,None,0,None,None
"141072_None",,None,0,None,None
"1484767_None",,None,0,None,None
"1484767_None",,None,0,None,None
"1870410_None",,None,0,None,None
"1870410_None",,None,0,None,None
"1525303_None",,None,0,None,None
"1525303_None",,None,0,None,None
"1525303_None",,None,0,None,None
"1525303_None",,None,0,None,None
"1525303_None",,None,0,None,None
"1525303_None",,None,0,None,None
"1525303_None",,None,0,None,None
"1525303_None",,None,0,None,None
"1525303_None",,None,0,None,None
"1099412_None",,None,0,None,None
"1099412_None",,None,0,None,None
"1099412_None",,None,0,None,None
"1099412_None",,None,0,None,None
"919954_None",,None,0,None,None
"919954_None",,None,0,None,None
"1140943_None",,None,0,None,None
"1140943_None",,None,0,None,None
"1140943_None",,None,0,None,None
"1140945_None",,None,,None,None
"1140945_None",,None,0,None,None
"1140945_None",,None,0,None,None
"1596891_None",,None,0,None,None
"1596891_None",,None,0,None,None
"1596891_None",,None,0,None,None
"1596891_None",,None,0,None,None
"1596891_None",,None,0,None,None
"1596891_None",,None,0,None,None
"1596891_None",,None,0,None,None
"1471617_None",,None,0,None,None
"1471617_None",,None,0,None,None
"1471617_None",,None,250000,None,None
"1592653_None",,None,,None,None
"1592653_None",,None,0,None,None
"1592653_None",,None,0,None,None
"1592653_None",,None,0,None,None
"1592653_None",,None,0,None,None
"1488437_None",,None,0,None,None
"1488437_None",,None,0,None,None
"1488437_None",,None,18000,None,None
"1488437_None",,None,0,None,None
"1170665_None",,None,0,None,None
"1170665_None",,None,0,None,None
"1170665_None",,None,0,None,None
"1140927_None",,None,0,None,None
"1140927_None",,None,0,None,None
"1140927_None",,None,0,None,None
"1494677_None",,None,0,None,None
"1494677_None",,None,0,None,None
"1494677_None",,None,0,None,None
"1006303_None",,None,0,None,None
"1006303_None",,None,0,None,None
"1006303_None",,None,0,None,None
"1006303_None",,None,0,None,None
"1006303_None",,None,0,None,None
"1006303_None",,None,0,None,None
"1655335_None",,None,,None,None
"1655335_None",,None,0,None,None
"1655335_None",,None,0,None,None
"1655335_None",,None,0,None,None
"1008879_None",,None,0,None,None
"1008879_None",,None,0,None,None
"1008879_None",,None,0,None,None
"1008879_None",,None,0,None,None
"1008879_None",,None,0,None,None
"1408170_None",,None,0,None,None
"1408170_None",,None,0,None,None
"1160527_None",,None,,None,None
"1160527_None",,None,0,None,None
"1538716_None",,None,,None,None
"1538716_None",,None,9000,None,None
"1538716_None",,None,0,None,None
"1538716_None",,None,0,None,None
"1413546_None",,None,0,None,None
"1413546_None",,None,0,None,None
"1413546_None",,None,0,None,None
"1413546_None",,None,0,None,None
"1413546_None",,None,0,None,None
"1009910_None",,None,0,None,None
"1009910_None",,None,0,None,None
"1009910_None",,None,0,None,None
"1009910_None",,None,0,None,None
"1009910_None",,None,0,None,None
"1009910_None",,None,0,None,None
"2267001_None",,None,0,None,None
"2267001_None",,None,0,None,None
"2267001_None",,None,0,None,None
"2267001_None",,None,0,None,None
"1140875_None",,None,0,None,None
"1140875_None",,None,0,None,None
"919662_None",,None,0,None,None
"919662_None",,None,0,None,None
"919662_None",,None,0,None,None
"919662_None",,None,0,None,None
"919662_None",,None,106000,None,None
"919662_None",,None,0,None,None
"919662_None",,None,0,None,None
"2162072_None",,None,0,None,None
"1095725_None",,None,0,None,None
"1095725_None",,None,0,None,None
"1416350_None",,None,0,None,None
"1416350_None",,None,0,None,None
"1471574_None",,None,0,None,None
"1471574_None",,None,0,None,None
"1471574_None",,None,0,None,None
"1471574_None",,None,0,None,None
"1471574_None",,None,0,None,None
"1605031_None",,None,0,None,None
"1605031_None",,None,0,None,None
"1605031_None",,None,0,None,None
"1020959_None",,None,0,None,None
"1020959_None",,None,0,None,None
"1140870_None",,None,0,None,None
"1140870_None",,None,0,None,None
"1140870_None",,None,0,None,None
"1140870_None",,None,0,None,None
"1140870_None",,None,109000,None,None
"1140870_None",,None,0,None,None
"1140870_None",,None,0,None,None
"1855780_None",,None,0,None,None
"1140933_None",,None,0,None,None
"1140933_None",,None,0,None,None
"1140933_None",,None,0,None,None
"1140933_None",,None,0,None,None
"1140933_None",,None,0,None,None
"1004248_None",,None,0,None,None
"1004248_None",,None,0,None,None
"1004248_None",,None,0,None,None
"1004248_None",,None,92000,None,None
"1004248_None",,None,0,None,None
"1004248_None",,None,0,None,None
"1140934_None",,None,0,None,None
"1140934_None",,None,0,None,None
"1140934_None",,None,283000,None,None
"919485_None",,None,0,None,None
"919485_None",,None,0,None,None
"919485_None",,None,0,None,None
"919485_None",,None,0,None,None
"919485_None",,None,0,None,None
"1655612_None",,None,0,None,None
"1021152_None",,None,0,None,None
"1022302_None",,None,0,None,None
"1022302_None",,None,0,None,None
"1112763_None",,None,0,None,None
"1112763_None",,None,0,None,None
"1112763_None",,None,74000,None,None
"1112763_None",,None,0,None,None
"1461307_None",,None,0,None,None
"1461307_None",,None,0,None,None
"1015235_None",,None,0,None,None
"1015235_None",,None,0,None,None
"1015235_None",,None,0,None,None
"1015235_None",,None,0,None,None
"970834_None",,None,0,None,None
"970834_None",,None,0,None,None
"919942_None",,None,0,None,None
"919942_None",,None,0,None,None
"919942_None",,None,0,None,None
"1140857_None",,None,0,None,None
"1140857_None",,None,0,None,None
"1140857_None",,None,0,None,None
"1140958_None",,None,0,None,None
"1140958_None",,None,,None,None
"1140958_None",,None,0,None,None
"1140958_None",,None,0,None,None
"1140958_None",,None,0,None,None
"919749_None",,None,0,None,None
"919749_None",,None,1000000,None,None
"919749_None",,None,0,None,None
"919749_None",,None,0,None,None
"919749_None",,None,0,None,None
"1212072_None",,None,0,None,None
"1597135_None",,None,0,None,None
"1597135_None",,None,0,None,None
"1112630_None",,None,0,None,None
"1112630_None",,None,0,None,None
"1112630_None",,None,0,None,None
"1112630_None",,None,0,None,None
"1112630_None",,None,0,None,None
"919685_None",,None,0,None,None
"919685_None",,None,0,None,None
"919685_None",,None,0,None,None
"919685_None",,None,0,None,None
"919685_None",,None,0,None,None
"919685_None",,None,122000,None,None
"1525309_None",,None,0,None,None
"1525309_None",,None,0,None,None
"2267315_None",,None,0,None,None
"2267315_None",,None,0,None,None
"2267315_None",,None,0,None,None
"2267314_None",,None,0,None,None
"2267314_None",,None,0,None,None
"2267314_None",,None,0,None,None
"2267339_None",,None,0,None,None
"2267339_None",,None,0,None,None
"281093_None",,None,0,None,None
"281093_None",,None,0,None,None
"281093_None",,None,0,None,None
"281093_None",,None,0,None,None
"281093_None",,None,0,None,None
"281093_None",,None,0,None,None
"281093_None",,None,0,None,None
"281093_None",,None,0,None,None
"281093_None",,None,0,None,None
"281093_None",,None,0,None,None
"281093_None",,None,0,None,None
"281093_None",,None,0,None,None
"281093_None",,None,0,None,None
"281093_None",,None,600000,None,None
"281093_None",,None,0,None,None
"919770_None",,None,0,None,None
"919770_None",,None,0,None,None
"919770_None",,None,0,None,None
"919770_None",,None,0,None,None
"919770_None",,None,0,None,None
"919770_None",,None,125000,None,None
"2267304_None",,None,0,None,None
"1401968_None",,None,0,None,None
"1401968_None",,None,0,None,None
"1401968_None",,None,0,None,None
"1401968_None",,None,0,None,None
"2267331_None",,None,0,None,None
"2267337_None",,None,0,None,None
"2267337_None",,None,0,None,None
"2267337_None",,None,0,None,None
"2267307_None",,None,0,None,None
"2267307_None",,None,0,None,None
"2267307_None",,None,0,None,None
"2267307_None",,None,0,None,None
"2267307_None",,None,0,None,None
"2267327_None",,None,0,None,None
"2267327_None",,None,0,None,None
"2267327_None",,None,0,None,None
"2267329_None",,None,0,None,None
"2267329_None",,None,0,None,None
"2267329_None",,None,0,None,None
"2267334_None",,None,0,None,None
"2267334_None",,None,0,None,None
"1014435_None",,None,,None,None
"1014435_None",,None,0,None,None
"1014435_None",,None,0,None,None
"1014435_None",,None,0,None,None
"1014435_None",,None,0,None,None
"1014435_None",,None,0,None,None
"1014435_None",,None,0,None,None
"1020321_None",,None,0,None,None
"1020321_None",,None,0,None,None
"1020321_None",,None,0,None,None
"2267303_None",,None,0,None,None
"2267303_None",,None,0,None,None
