id,total_matches,total_goals,total_assists,total_yellow,total_second_yellow,total_red,goals_conceded,clean_sheets,win_rate,possession,passing_accuracy,shots_per_game,rating
"665738_Total",121,12,5,16,0,0,0,0,None,None,None,None,None
"732950_Total",142,60,7,13,0,1,0,0,None,None,None,None,None
"1110732_Total",67,2,2,12,0,0,0,0,None,None,None,None,None
"885704_Total",1,0,0,0,0,0,2,0,None,None,None,None,None
"599573_Total",95,0,0,6,0,0,113,28,None,None,None,None,None
"1044891_Total",96,12,12,11,0,0,0,0,None,None,None,None,None
"468244_Total",312,17,17,27,0,0,0,0,None,None,None,None,None
"519192_Total",244,14,31,14,1,1,0,0,None,None,None,None,None
"838829_Total",132,16,23,12,0,1,0,0,None,None,None,None,None
"522302_Total",219,20,22,22,1,0,0,0,None,None,None,None,None
"842418_Total",143,2,6,19,0,1,0,0,None,None,None,None,None
"191407_Total",390,8,32,40,2,2,0,0,None,None,None,None,None
"776215_Total",127,4,5,21,0,1,0,0,None,None,None,None,None
"1091178_Total",9,0,0,0,0,0,0,0,None,None,None,None,None
"665744_Total",141,2,4,13,0,1,0,0,None,None,None,None,None
"847288_Total",105,23,10,9,2,1,0,0,None,None,None,None,None
"1210200_Total",11,2,0,0,0,0,0,0,None,None,None,None,None
"348772_Total",313,9,37,45,1,1,0,0,None,None,None,None,None
"355641_Total",312,44,33,36,1,0,0,0,None,None,None,None,None
"97925_Total",411,0,0,26,0,1,450,141,None,None,None,None,None
"1165481_Total",26,0,1,1,0,0,0,0,None,None,None,None,None
"373594_Total",92,1,5,10,1,2,0,0,None,None,None,None,None
"836640_Total",98,1,8,18,0,0,0,0,None,None,None,None,None
"575594_Total",277,9,1,41,0,1,0,0,None,None,None,None,None
"868636_Total",148,39,20,11,1,0,0,0,None,None,None,None,None
"882910_Total",71,2,5,10,0,0,0,0,None,None,None,None,None
"146143_Total",266,23,28,35,3,5,0,0,None,None,None,None,None
"240708_Total",197,17,28,24,2,1,0,0,None,None,None,None,None
"667970_Total",87,11,7,6,0,0,0,0,None,None,None,None,None
"330726_Total",249,52,41,23,0,1,0,0,None,None,None,None,None
"800363_Total",158,3,17,17,0,0,0,0,None,None,None,None,None
"273432_Total",369,82,51,33,1,2,0,0,None,None,None,None,None
"441982_Total",162,13,15,8,0,1,0,0,None,None,None,None,None
"513275_Total",141,20,10,15,0,0,0,0,None,None,None,None,None
"728597_Total",75,5,5,20,3,2,0,0,None,None,None,None,None
"353476_Total",318,0,0,19,0,1,368,101,None,None,None,None,None
"245194_Total",140,4,19,20,0,0,0,0,None,None,None,None,None
"517712_Total",139,32,7,16,1,1,0,0,None,None,None,None,None
"1235899_Total",20,0,1,4,0,0,0,0,None,None,None,None,None
"1330446_Total",8,0,0,0,0,0,0,0,None,None,None,None,None
"1005645_Total",67,12,0,6,0,0,0,0,None,None,None,None,None
"1274628_Total",4,1,0,0,0,0,0,0,None,None,None,None,None
"342719_Total",284,9,2,59,1,0,0,0,None,None,None,None,None
"732953_Total",127,0,0,12,0,0,120,52,None,None,None,None,None
"217111_Total",497,134,135,60,1,0,0,0,None,None,None,None,None
"544414_Total",175,0,0,16,0,1,144,72,None,None,None,None,None
"1253671_Total",16,0,2,0,0,0,0,0,None,None,None,None,None
"263951_Total",327,27,32,30,0,3,0,0,None,None,None,None,None
"240707_Total",203,40,18,12,0,0,0,0,None,None,None,None,None
"881744_Total",16,1,0,0,0,0,0,0,None,None,None,None,None
"916708_Total",137,17,21,7,0,0,0,0,None,None,None,None,None
"546225_Total",132,9,14,15,0,0,0,0,None,None,None,None,None
"382417_Total",113,19,4,3,0,0,0,0,None,None,None,None,None
"743585_Total",68,9,5,7,0,0,0,0,None,None,None,None,None
"925782_Total",120,1,3,29,3,0,0,0,None,None,None,None,None
"681691_Total",156,4,3,32,1,2,0,0,None,None,None,None,None
"55619_Total",629,99,107,115,4,3,0,0,None,None,None,None,None
"1311408_Total",6,0,0,2,0,0,4,2,None,None,None,None,None
"1302206_Total",22,3,0,5,0,0,0,0,None,None,None,None,None
"974042_Total",89,17,7,15,0,1,0,0,None,None,None,None,None
"1150962_Total",42,9,4,4,0,0,0,0,None,None,None,None,None
"262685_Total",203,5,6,28,1,0,0,0,None,None,None,None,None
"822538_Total",65,0,0,8,0,0,54,30,None,None,None,None,None
"240712_Total",111,0,0,7,0,1,117,35,None,None,None,None,None
"617592_Total",219,3,5,28,1,1,0,0,None,None,None,None,None
"274235_Total",235,5,14,36,1,0,0,0,None,None,None,None,None
"241324_Total",215,16,36,14,1,1,0,0,None,None,None,None,None
"1274436_Total",33,6,6,3,0,0,0,0,None,None,None,None,None
"738952_Total",92,3,2,14,0,0,0,0,None,None,None,None,None
"560873_Total",173,14,11,25,2,2,0,0,None,None,None,None,None
"847308_Total",67,4,6,9,0,0,0,0,None,None,None,None,None
"679259_Total",172,43,19,14,0,1,0,0,None,None,None,None,None
"904603_Total",76,1,2,15,0,0,0,0,None,None,None,None,None
"569755_Total",221,12,3,52,2,4,0,0,None,None,None,None,None
"518804_Total",197,12,33,19,0,0,0,0,None,None,None,None,None
"969934_Total",53,3,0,4,0,0,0,0,None,None,None,None,None
"238634_Total",293,53,52,26,1,3,0,0,None,None,None,None,None
"371606_Total",210,2,13,28,1,1,0,0,None,None,None,None,None
"988205_Total",20,0,0,0,0,0,0,0,None,None,None,None,None
"245193_Total",300,28,11,45,0,4,0,0,None,None,None,None,None
"913377_Total",4,0,0,0,0,0,3,3,None,None,None,None,None
"707310_Total",140,38,19,12,0,0,0,0,None,None,None,None,None
"318904_Total",306,23,34,34,0,0,0,0,None,None,None,None,None
"1079652_Total",10,1,1,0,0,0,0,0,None,None,None,None,None
"876730_Total",18,1,0,2,0,0,0,0,None,None,None,None,None
"711572_Total",169,2,8,15,0,1,0,0,None,None,None,None,None
"199704_Total",472,25,3,58,3,3,0,0,None,None,None,None,None
"507374_Total",289,50,46,20,0,0,0,0,None,None,None,None,None
"573065_Total",81,2,3,8,0,0,0,0,None,None,None,None,None
"859133_Total",39,0,0,3,0,0,26,18,None,None,None,None,None
"371211_Total",212,45,24,23,1,0,0,0,None,None,None,None,None
"553100_Total",210,34,25,32,2,0,0,0,None,None,None,None,None
"1105266_Total",36,4,5,5,0,1,0,0,None,None,None,None,None
"238997_Total",263,0,0,20,0,1,200,125,None,None,None,None,None
"660041_Total",251,58,36,26,0,0,0,0,None,None,None,None,None
"711281_Total",168,23,21,22,1,1,0,0,None,None,None,None,None
"518802_Total",219,8,11,11,0,0,0,0,None,None,None,None,None
"689431_Total",169,38,30,24,0,2,0,0,None,None,None,None,None
"631508_Total",114,16,12,16,0,0,0,0,None,None,None,None,None
"742502_Total",119,12,6,15,0,0,0,0,None,None,None,None,None
"872090_Total",81,17,6,8,0,0,0,0,None,None,None,None,None
"518801_Total",193,13,8,50,3,4,0,0,None,None,None,None,None
"635927_Total",42,4,1,6,0,1,0,0,None,None,None,None,None
"904465_Total",39,3,3,3,0,1,0,0,None,None,None,None,None
"734155_Total",161,10,14,29,2,1,0,0,None,None,None,None,None
"1299944_Total",5,0,0,1,0,0,0,0,None,None,None,None,None
"1055358_Total",67,4,6,5,0,0,0,0,None,None,None,None,None
"366744_Total",251,51,27,32,2,2,0,0,None,None,None,None,None
"799742_Total",111,14,8,5,0,0,0,0,None,None,None,None,None
"816064_Total",125,2,5,23,0,1,0,0,None,None,None,None,None
"1134249_Total",11,0,0,1,0,0,9,4,None,None,None,None,None
"738951_Total",107,17,8,24,0,1,0,0,None,None,None,None,None
"556272_Total",129,0,0,14,0,0,107,51,None,None,None,None,None
"844795_Total",54,9,1,2,0,0,0,0,None,None,None,None,None
"737182_Total",128,2,17,15,1,0,0,0,None,None,None,None,None
"593405_Total",112,14,24,7,0,1,0,0,None,None,None,None,None
"1232068_Total",39,4,0,3,0,0,0,0,None,None,None,None,None
"627926_Total",123,5,5,12,0,0,0,0,None,None,None,None,None
"1055193_Total",57,0,1,4,0,0,0,0,None,None,None,None,None
"1039603_Total",83,18,4,14,0,1,0,0,None,None,None,None,None
"834876_Total",91,6,1,16,0,1,0,0,None,None,None,None,None
"1150961_Total",9,0,0,2,0,0,0,0,None,None,None,None,None
"507134_Total",156,3,6,28,1,1,0,0,None,None,None,None,None
"1203514_Total",1,0,0,0,0,0,0,0,None,None,None,None,None
"838828_Total",117,5,10,16,1,0,0,0,None,None,None,None,None
"844300_Total",40,14,5,9,0,0,0,0,None,None,None,None,None
"920971_Total",67,7,1,6,0,0,0,0,None,None,None,None,None
"717213_Total",164,7,10,21,0,1,0,0,None,None,None,None,None
"667994_Total",70,1,5,7,0,1,0,0,None,None,None,None,None
"981522_Total",25,0,0,3,0,0,22,9,None,None,None,None,None
"811084_Total",73,2,2,12,0,1,0,0,None,None,None,None,None
"508643_Total",206,37,35,12,0,1,0,0,None,None,None,None,None
"913361_Total",124,29,6,10,1,0,0,0,None,None,None,None,None
"262953_Total",212,16,5,55,3,1,0,0,None,None,None,None,None
"290768_Total",292,61,18,30,0,0,0,0,None,None,None,None,None
"339552_Total",95,22,20,16,0,1,0,0,None,None,None,None,None
"1091104_Total",5,0,0,1,0,0,0,0,None,None,None,None,None
"682847_Total",71,2,0,3,0,0,0,0,None,None,None,None,None
"308265_Total",291,21,26,15,0,0,0,0,None,None,None,None,None
"1176891_Total",46,4,1,3,0,0,0,0,None,None,None,None,None
"1317548_Total",4,0,0,0,0,0,0,0,None,None,None,None,None
"1176890_Total",57,1,0,8,1,0,0,0,None,None,None,None,None
"721818_Total",44,0,1,5,0,1,0,0,None,None,None,None,None
"863795_Total",33,1,2,7,0,0,0,0,None,None,None,None,None
"858584_Total",108,9,8,10,1,1,0,0,None,None,None,None,None
"712126_Total",64,4,2,11,0,2,0,0,None,None,None,None,None
"689435_Total",152,0,10,28,0,3,0,0,None,None,None,None,None
"1174262_Total",50,1,0,6,0,2,0,0,None,None,None,None,None
"1115476_Total",5,0,0,0,0,0,0,0,None,None,None,None,None
"367149_Total",115,2,6,21,2,0,0,0,None,None,None,None,None
"1344495_Total",0,0,0,0,0,0,0,0,None,None,None,None,None
"1235905_Total",19,0,0,0,0,0,45,0,None,None,None,None,None
"255642_Total",222,16,2,39,6,0,0,0,None,None,None,None,None
"692591_Total",80,2,5,17,0,0,0,0,None,None,None,None,None
"1370739_Total",10,1,1,2,0,0,0,0,None,None,None,None,None
"306668_Total",327,8,11,61,2,4,0,0,None,None,None,None,None
"1091105_Total",16,2,1,1,0,0,0,0,None,None,None,None,None
"356586_Total",114,0,0,16,0,0,157,29,None,None,None,None,None
"1139810_Total",5,1,0,1,0,0,0,0,None,None,None,None,None
"1266261_Total",16,4,0,1,0,0,0,0,None,None,None,None,None
"842564_Total",87,4,7,8,0,0,0,0,None,None,None,None,None
"343949_Total",162,15,14,17,0,0,0,0,None,None,None,None,None
"1055339_Total",98,2,8,13,0,0,0,0,None,None,None,None,None
"713000_Total",63,3,1,9,0,0,0,0,None,None,None,None,None
"235602_Total",332,0,0,23,0,3,326,117,None,None,None,None,None
"1332783_Total",15,1,0,0,0,0,0,0,None,None,None,None,None
"1175868_Total",44,4,3,2,0,0,0,0,None,None,None,None,None
"1267107_Total",8,0,0,2,0,0,0,0,None,None,None,None,None
"727209_Total",74,0,2,2,0,0,0,0,None,None,None,None,None
"667999_Total",51,0,0,7,0,0,0,0,None,None,None,None,None
"1245251_Total",13,1,0,2,0,0,0,0,None,None,None,None,None
"1134255_Total",14,0,0,5,0,0,0,0,None,None,None,None,None
"904578_Total",16,2,0,1,0,0,0,0,None,None,None,None,None
"943495_Total",64,8,0,11,1,3,0,0,None,None,None,None,None
"1066475_Total",61,3,2,14,0,0,0,0,None,None,None,None,None
"1267109_Total",30,8,6,3,0,0,0,0,None,None,None,None,None
"276255_Total",357,65,28,42,2,1,0,0,None,None,None,None,None
"869457_Total",34,0,0,1,0,0,59,7,None,None,None,None,None
"1430198_Total",6,0,1,1,0,0,0,0,None,None,None,None,None
"593478_Total",16,0,0,4,0,0,0,0,None,None,None,None,None
"1074351_Total",35,4,4,4,0,1,0,0,None,None,None,None,None
"537209_Total",205,9,9,30,1,3,0,0,None,None,None,None,None
"1180814_Total",6,0,0,0,0,0,0,0,None,None,None,None,None
"1443774_Total",4,0,0,1,0,0,0,0,None,None,None,None,None
"848947_Total",73,1,1,9,2,1,0,0,None,None,None,None,None
"667966_Total",50,1,5,4,0,0,0,0,None,None,None,None,None
"245346_Total",304,55,16,32,1,3,0,0,None,None,None,None,None
"64490_Total",353,13,2,52,2,5,0,0,None,None,None,None,None
"708663_Total",19,3,2,2,0,0,0,0,None,None,None,None,None
"1443785_Total",4,0,1,0,0,0,0,0,None,None,None,None,None
"667992_Total",21,0,0,0,1,0,23,7,None,None,None,None,None
"239291_Total",329,50,35,14,0,2,0,0,None,None,None,None,None
"1134252_Total",10,0,1,1,0,0,0,0,None,None,None,None,None
"1246533_Total",3,0,0,1,0,0,0,0,None,None,None,None,None
"1028119_Total",41,0,0,4,0,2,0,0,None,None,None,None,None
"1055313_Total",24,3,1,4,0,0,0,0,None,None,None,None,None
"1180811_Total",12,0,1,1,0,1,0,0,None,None,None,None,None
"926103_Total",50,8,0,2,0,0,0,0,None,None,None,None,None
"1091486_Total",12,2,0,3,0,0,0,0,None,None,None,None,None
"238952_Total",121,0,3,11,0,0,0,0,None,None,None,None,None
"1371032_Total",8,0,0,2,0,0,0,0,None,None,None,None,None
"913644_Total",45,1,1,8,0,0,0,0,None,None,None,None,None
"926806_Total",75,5,5,7,0,0,0,0,None,None,None,None,None
"352125_Total",256,7,12,27,0,2,0,0,None,None,None,None,None
"1322435_Total",10,0,0,1,0,0,0,0,None,None,None,None,None
"789533_Total",149,49,7,10,0,0,0,0,None,None,None,None,None
"353473_Total",134,7,7,21,1,0,0,0,None,None,None,None,None
"709481_Total",59,4,4,8,0,0,0,0,None,None,None,None,None
"908118_Total",15,1,0,2,0,0,0,0,None,None,None,None,None
"1036559_Total",44,0,0,4,0,0,55,11,None,None,None,None,None
"918020_Total",56,3,3,5,0,0,0,0,None,None,None,None,None
"292309_Total",153,0,0,14,0,1,183,48,None,None,None,None,None
"1110587_Total",19,0,1,0,0,0,0,0,None,None,None,None,None
"1174677_Total",40,0,2,1,0,1,0,0,None,None,None,None,None
"642295_Total",118,0,1,18,1,0,0,0,None,None,None,None,None
"1184401_Total",58,6,0,9,0,0,0,0,None,None,None,None,None
"467571_Total",223,9,11,35,0,1,0,0,None,None,None,None,None
"1327935_Total",27,0,2,1,0,0,0,0,None,None,None,None,None
"1337458_Total",21,8,0,0,0,0,0,0,None,None,None,None,None
"920577_Total",92,12,6,7,0,0,0,0,None,None,None,None,None
"1194144_Total",13,1,1,2,0,0,0,0,None,None,None,None,None
"1153106_Total",4,0,0,0,0,0,6,1,None,None,None,None,None
"1233132_Total",23,0,1,2,0,0,0,0,None,None,None,None,None
"1270327_Total",14,1,0,1,0,0,0,0,None,None,None,None,None
"1338486_Total",28,0,1,3,0,0,0,0,None,None,None,None,None
"182912_Total",303,42,14,31,1,1,0,0,None,None,None,None,None
"975918_Total",77,11,8,6,0,0,0,0,None,None,None,None,None
"491280_Total",188,15,8,28,2,0,0,0,None,None,None,None,None
"1134278_Total",37,4,2,5,0,0,0,0,None,None,None,None,None
"593395_Total",19,0,0,1,0,0,22,5,None,None,None,None,None
"1263250_Total",7,0,0,0,0,0,0,0,None,None,None,None,None
"823069_Total",9,0,0,0,0,0,18,1,None,None,None,None,None
"1258563_Total",13,0,1,2,0,0,0,0,None,None,None,None,None
"518828_Total",176,5,16,18,2,0,0,0,None,None,None,None,None
"1258564_Total",21,0,1,0,0,1,0,0,None,None,None,None,None
"1065548_Total",8,0,0,1,0,0,0,0,None,None,None,None,None
"244941_Total",267,2,8,24,1,1,0,0,None,None,None,None,None
"1097559_Total",56,5,6,3,1,0,0,0,None,None,None,None,None
"846437_Total",65,12,5,6,0,0,0,0,None,None,None,None,None
"858910_Total",101,1,1,20,0,5,0,0,None,None,None,None,None
"908108_Total",27,0,2,0,0,0,0,0,None,None,None,None,None
"1235904_Total",34,0,1,4,1,0,0,0,None,None,None,None,None
"312825_Total",56,3,0,3,0,0,0,0,None,None,None,None,None
"1233335_Total",8,0,1,0,0,0,0,0,None,None,None,None,None
"836467_Total",100,5,19,12,0,1,0,0,None,None,None,None,None
"712125_Total",161,7,3,11,0,1,0,0,None,None,None,None,None
"203755_Total",231,32,23,60,2,1,0,0,None,None,None,None,None
"182885_Total",234,29,11,33,2,1,0,0,None,None,None,None,None
"364239_Total",260,88,22,35,0,0,0,0,None,None,None,None,None
"1235902_Total",33,1,1,1,0,0,0,0,None,None,None,None,None
"848420_Total",107,3,5,18,0,1,0,0,None,None,None,None,None
"681726_Total",129,0,0,7,0,0,128,53,None,None,None,None,None
"902847_Total",57,1,1,6,0,0,0,0,None,None,None,None,None
"860299_Total",128,25,9,14,1,1,0,0,None,None,None,None,None
"929321_Total",86,16,9,6,0,1,0,0,None,None,None,None,None
"1256643_Total",18,0,1,0,0,0,0,0,None,None,None,None,None
"650001_Total",160,20,9,14,1,3,0,0,None,None,None,None,None
"842528_Total",82,1,1,13,0,2,0,0,None,None,None,None,None
"484572_Total",72,1,1,9,2,0,0,0,None,None,None,None,None
"234836_Total",336,38,34,22,1,0,0,0,None,None,None,None,None
"239127_Total",369,16,10,92,0,3,0,0,None,None,None,None,None
"1340455_Total",13,4,1,1,0,0,0,0,None,None,None,None,None
"1340454_Total",4,0,0,0,0,0,9,1,None,None,None,None,None
"864078_Total",3,1,0,0,0,0,0,0,None,None,None,None,None
"868656_Total",72,7,9,6,0,0,0,0,None,None,None,None,None
"857713_Total",121,29,20,14,0,0,0,0,None,None,None,None,None
"933020_Total",19,2,0,2,0,0,0,0,None,None,None,None,None
"1309589_Total",8,0,1,2,0,0,0,0,None,None,None,None,None
"1123784_Total",31,2,1,8,0,0,0,0,None,None,None,None,None
"805351_Total",90,2,2,14,0,0,0,0,None,None,None,None,None
"1102874_Total",38,2,2,6,1,0,0,0,None,None,None,None,None
"1105269_Total",19,4,2,0,0,0,0,0,None,None,None,None,None
"440323_Total",122,4,5,18,0,1,0,0,None,None,None,None,None
"1125067_Total",57,5,4,2,0,0,0,0,None,None,None,None,None
"1263910_Total",9,0,1,0,0,0,0,0,None,None,None,None,None
"518849_Total",126,1,12,12,0,1,0,0,None,None,None,None,None
"703639_Total",17,0,0,0,0,0,0,0,None,None,None,None,None
"375635_Total",76,0,0,6,1,0,78,29,None,None,None,None,None
"1092073_Total",43,1,1,5,1,0,0,0,None,None,None,None,None
"643992_Total",38,1,0,4,0,0,0,0,None,None,None,None,None
"536874_Total",40,3,5,2,0,0,0,0,None,None,None,None,None
"850874_Total",7,1,0,1,0,0,0,0,None,None,None,None,None
"520441_Total",39,1,1,7,0,2,0,0,None,None,None,None,None
"712124_Total",134,6,3,16,0,1,0,0,None,None,None,None,None
"238963_Total",54,0,1,5,0,0,0,0,None,None,None,None,None
"1097549_Total",6,0,0,0,0,0,0,0,None,None,None,None,None
"366783_Total",134,0,0,10,0,0,109,61,None,None,None,None,None
"556868_Total",19,0,0,1,0,0,25,4,None,None,None,None,None
"617083_Total",71,2,3,7,0,0,0,0,None,None,None,None,None
"855878_Total",112,4,5,11,0,1,0,0,None,None,None,None,None
"926537_Total",39,3,0,2,1,0,0,0,None,None,None,None,None
"790406_Total",103,19,12,12,0,0,0,0,None,None,None,None,None
"1406018_Total",1,0,0,0,0,0,0,0,None,None,None,None,None
"1263222_Total",37,2,2,8,0,0,0,0,None,None,None,None,None
"837173_Total",76,9,3,9,0,1,0,0,None,None,None,None,None
"234900_Total",94,0,0,11,0,0,111,21,None,None,None,None,None
"822539_Total",80,1,4,11,0,0,0,0,None,None,None,None,None
"731876_Total",100,9,14,3,0,0,0,0,None,None,None,None,None
"1264456_Total",3,0,0,2,0,0,0,0,None,None,None,None,None
"365362_Total",199,45,15,19,0,0,0,0,None,None,None,None,None
"1210076_Total",31,2,1,4,0,0,0,0,None,None,None,None,None
"1076082_Total",32,0,1,4,0,0,0,0,None,None,None,None,None
"558706_Total",108,6,6,3,0,1,0,0,None,None,None,None,None
"1274616_Total",40,2,1,7,0,0,0,0,None,None,None,None,None
"858917_Total",57,1,1,6,0,0,0,0,None,None,None,None,None
"800365_Total",35,2,5,3,0,0,0,0,None,None,None,None,None
"897600_Total",45,12,2,3,0,0,0,0,None,None,None,None,None
"1033958_Total",57,2,3,4,1,0,0,0,None,None,None,None,None
"549322_Total",23,0,0,3,0,0,0,0,None,None,None,None,None
"1203684_Total",29,1,0,9,0,0,0,0,None,None,None,None,None
"499511_Total",124,0,0,5,0,0,128,47,None,None,None,None,None
"800592_Total",11,1,2,2,0,0,0,0,None,None,None,None,None
"1060545_Total",17,1,0,3,0,0,0,0,None,None,None,None,None
"727252_Total",55,2,1,4,0,0,0,0,None,None,None,None,None
"1309132_Total",25,4,1,5,0,0,0,0,None,None,None,None,None
"1262530_Total",8,2,0,3,0,0,0,0,None,None,None,None,None
"665743_Total",129,10,6,14,2,0,0,0,None,None,None,None,None
"667972_Total",6,0,0,0,0,0,0,0,None,None,None,None,None
"727075_Total",82,0,0,6,0,0,91,28,None,None,None,None,None
"738953_Total",67,3,1,9,0,0,0,0,None,None,None,None,None
"1203850_Total",23,0,0,1,0,1,0,0,None,None,None,None,None
"820480_Total",104,5,2,13,1,1,0,0,None,None,None,None,None
"1210182_Total",12,0,1,1,0,0,0,0,None,None,None,None,None
"235116_Total",284,8,6,51,0,3,0,0,None,None,None,None,None
"1422476_Total",3,0,0,1,0,0,0,0,None,None,None,None,None
"1087382_Total",6,0,0,0,0,0,0,0,None,None,None,None,None
"366775_Total",110,1,4,7,1,0,0,0,None,None,None,None,None
"738071_Total",92,11,7,13,0,0,0,0,None,None,None,None,None
"176573_Total",129,0,0,13,0,1,180,33,None,None,None,None,None
"717216_Total",120,3,6,22,1,3,0,0,None,None,None,None,None
"617595_Total",80,0,0,6,0,0,107,21,None,None,None,None,None
"1336614_Total",9,6,1,0,0,0,0,0,None,None,None,None,None
"1210187_Total",8,0,0,0,0,0,0,0,None,None,None,None,None
"275262_Total",154,4,12,30,2,0,0,0,None,None,None,None,None
"1178984_Total",43,0,1,5,0,0,0,0,None,None,None,None,None
"863506_Total",50,8,5,6,0,0,0,0,None,None,None,None,None
"891953_Total",69,9,4,9,0,0,0,0,None,None,None,None,None
"1172375_Total",56,3,0,8,0,1,0,0,None,None,None,None,None
"1307857_Total",5,0,0,0,0,0,4,2,None,None,None,None,None
"1273576_Total",11,3,2,0,0,0,0,0,None,None,None,None,None
"1076078_Total",28,4,0,6,0,0,0,0,None,None,None,None,None
"1302320_Total",12,1,0,0,0,0,0,0,None,None,None,None,None
"902827_Total",31,0,0,3,0,0,0,0,None,None,None,None,None
"840930_Total",2,0,0,0,0,0,0,0,None,None,None,None,None
"882909_Total",36,2,0,9,0,0,0,0,None,None,None,None,None
"1002677_Total",36,1,0,4,1,0,0,0,None,None,None,None,None
"1004272_Total",65,7,2,4,0,0,0,0,None,None,None,None,None
"1307908_Total",7,0,0,3,0,0,0,0,None,None,None,None,None
"321629_Total",164,13,3,31,2,1,0,0,None,None,None,None,None
"539612_Total",83,6,0,11,0,0,0,0,None,None,None,None,None
"496570_Total",169,8,9,17,1,1,0,0,None,None,None,None,None
"1191484_Total",17,0,0,2,0,0,0,0,None,None,None,None,None
"683336_Total",115,8,6,12,1,2,0,0,None,None,None,None,None
"717214_Total",111,4,2,17,0,0,0,0,None,None,None,None,None
"240721_Total",98,11,3,17,0,1,0,0,None,None,None,None,None
"245202_Total",249,2,15,35,1,2,0,0,None,None,None,None,None
"836632_Total",12,0,0,2,0,0,17,2,None,None,None,None,None
"859901_Total",85,5,1,10,1,2,0,0,None,None,None,None,None
"203378_Total",208,21,11,20,1,0,0,0,None,None,None,None,None
"507358_Total",90,11,11,17,1,0,0,0,None,None,None,None,None
"1333330_Total",6,0,0,0,0,0,0,0,None,None,None,None,None
"1303960_Total",23,5,0,2,0,0,0,0,None,None,None,None,None
"846673_Total",74,0,0,12,0,3,70,27,None,None,None,None,None
"660039_Total",83,0,0,12,1,1,0,0,None,None,None,None,None
"1064714_Total",9,2,0,1,0,0,0,0,None,None,None,None,None
"1204741_Total",21,0,2,0,0,0,0,0,None,None,None,None,None
"77385_Total",388,93,47,37,0,2,0,0,None,None,None,None,None
"1183709_Total",62,5,0,2,1,0,0,0,None,None,None,None,None
"240714_Total",130,6,8,4,0,0,0,0,None,None,None,None,None
"461581_Total",47,0,0,4,0,0,82,10,None,None,None,None,None
"701611_Total",110,14,13,21,0,0,0,0,None,None,None,None,None
"823072_Total",62,0,1,11,0,1,0,0,None,None,None,None,None
"972603_Total",76,1,2,6,1,1,0,0,None,None,None,None,None
"1307015_Total",5,1,1,0,0,0,0,0,None,None,None,None,None
"1416877_Total",6,0,0,0,0,0,0,0,None,None,None,None,None
"1033957_Total",70,6,5,10,0,0,0,0,None,None,None,None,None
"1370977_Total",3,0,1,1,0,0,0,0,None,None,None,None,None
"1133028_Total",9,0,1,1,0,0,0,0,None,None,None,None,None
"902834_Total",1,0,0,0,0,0,0,0,None,None,None,None,None
"1262531_Total",13,5,0,1,0,0,0,0,None,None,None,None,None
"1204104_Total",23,0,0,4,0,0,0,0,None,None,None,None,None
"1267056_Total",61,6,0,5,1,2,0,0,None,None,None,None,None
"530999_Total",90,0,0,1,0,0,123,16,None,None,None,None,None
"231941_Total",366,106,31,60,0,4,0,0,None,None,None,None,None
"1230677_Total",13,0,1,1,0,0,0,0,None,None,None,None,None
"867271_Total",12,0,0,0,0,0,17,3,None,None,None,None,None
"840926_Total",15,1,2,2,0,0,0,0,None,None,None,None,None
"1043567_Total",16,1,0,1,0,0,0,0,None,None,None,None,None
"588635_Total",47,0,0,11,2,1,0,0,None,None,None,None,None
"720443_Total",116,16,9,12,0,0,0,0,None,None,None,None,None
"1440454_Total",10,0,1,1,0,0,0,0,None,None,None,None,None
"841119_Total",66,4,1,7,0,1,0,0,None,None,None,None,None
"990144_Total",40,2,1,6,0,1,0,0,None,None,None,None,None
"1188206_Total",40,1,0,13,0,0,0,0,None,None,None,None,None
"1258577_Total",12,0,1,0,0,0,0,0,None,None,None,None,None
"717223_Total",77,0,0,9,0,0,0,0,None,None,None,None,None
"902813_Total",4,0,0,0,0,0,0,0,None,None,None,None,None
"1269733_Total",10,1,1,3,0,1,0,0,None,None,None,None,None
"951671_Total",6,0,0,0,0,0,0,0,None,None,None,None,None
"691877_Total",26,0,1,0,0,0,0,0,None,None,None,None,None
"841118_Total",113,2,4,14,1,0,0,0,None,None,None,None,None
"841736_Total",136,21,16,15,2,0,0,0,None,None,None,None,None
"1203849_Total",6,0,0,0,0,0,0,0,None,None,None,None,None
"1459207_Total",4,0,0,1,0,0,0,0,None,None,None,None,None
"536879_Total",214,20,14,13,0,1,0,0,None,None,None,None,None
"519245_Total",3,4,0,0,0,0,0,0,None,None,None,None,None
"897139_Total",7,0,0,1,0,0,6,2,None,None,None,None,None
"885446_Total",26,0,0,1,0,0,28,8,None,None,None,None,None
"1338344_Total",7,1,1,1,1,0,0,0,None,None,None,None,None
"1338402_Total",3,0,0,0,0,0,0,0,None,None,None,None,None
"1338340_Total",12,1,0,1,0,0,0,0,None,None,None,None,None
"1297881_Total",7,2,1,0,0,0,0,0,None,None,None,None,None
"1203683_Total",12,1,0,0,0,0,0,0,None,None,None,None,None
"1338336_Total",10,1,0,0,1,0,0,0,None,None,None,None,None
"244921_Total",6,0,1,0,0,0,0,0,None,None,None,None,None
"1338946_Total",6,0,0,3,0,0,0,0,None,None,None,None,None
"1260898_Total",5,0,0,0,0,0,0,0,None,None,None,None,None
"799020_Total",30,1,0,3,0,1,0,0,None,None,None,None,None
"1133029_Total",11,5,1,2,0,0,0,0,None,None,None,None,None
"1338337_Total",7,0,0,0,0,0,0,0,None,None,None,None,None
"1203885_Total",1,0,1,0,0,0,0,0,None,None,None,None,None
"1293625_Total",6,0,0,0,0,0,0,0,None,None,None,None,None
"1256586_Total",9,0,0,3,0,0,0,0,None,None,None,None,None
"1338434_Total",9,0,0,1,0,0,10,3,None,None,None,None,None
"903847_Total",8,0,0,0,0,0,0,0,None,None,None,None,None
"902853_Total",5,0,0,0,0,0,6,2,None,None,None,None,None
"502657_Total",113,11,6,7,0,0,0,0,None,None,None,None,None
"234897_Total",9,0,0,2,0,0,0,0,None,None,None,None,None
"375626_Total",7,0,0,0,1,0,0,0,None,None,None,None,None
"625170_Total",55,10,9,0,0,0,0,0,None,None,None,None,None
"1260850_Total",2,0,0,0,0,0,0,0,None,None,None,None,None
"1338341_Total",7,0,0,0,0,0,0,0,None,None,None,None,None
"499513_Total",216,30,20,11,0,0,0,0,None,None,None,None,None
"736943_Total",40,1,0,7,0,0,0,0,None,None,None,None,None
"375629_Total",98,2,2,15,0,1,0,0,None,None,None,None,None
"262895_Total",271,48,52,13,1,0,0,0,None,None,None,None,None
"1268379_Total",8,1,0,2,0,1,0,0,None,None,None,None,None
"1338250_Total",10,0,1,0,0,0,0,0,None,None,None,None,None
"902800_Total",12,0,0,2,0,0,13,4,None,None,None,None,None
"1338253_Total",11,4,0,0,0,0,0,0,None,None,None,None,None
"1338805_Total",9,1,0,1,0,0,0,0,None,None,None,None,None
"1211423_Total",10,0,1,1,0,0,0,0,None,None,None,None,None
"1207194_Total",13,1,2,1,0,1,0,0,None,None,None,None,None
"689433_Total",10,0,2,1,0,0,0,0,None,None,None,None,None
"949538_Total",18,0,0,2,0,0,0,0,None,None,None,None,None
"925830_Total",15,0,0,1,0,0,0,0,None,None,None,None,None
"1207223_Total",10,0,0,1,0,0,0,0,None,None,None,None,None
"1211503_Total",5,0,0,0,0,0,0,5,None,None,None,None,None
"1338256_Total",8,0,0,1,0,0,0,0,None,None,None,None,None
"1261669_Total",4,1,0,0,0,0,0,0,None,None,None,None,None
"1229756_Total",6,0,0,0,0,0,11,0,None,None,None,None,None
"902833_Total",8,0,0,0,0,0,0,0,None,None,None,None,None
"1211424_Total",10,3,0,1,0,0,0,0,None,None,None,None,None
"1274437_Total",16,1,1,0,0,0,0,0,None,None,None,None,None
"902816_Total",11,0,0,0,0,0,0,0,None,None,None,None,None
"1274414_Total",12,0,1,1,0,0,0,0,None,None,None,None,None
"238120_Total",24,4,3,1,0,0,0,0,None,None,None,None,None
"1203860_Total",7,1,1,1,0,0,0,0,None,None,None,None,None
"733894_Total",22,2,1,2,0,0,0,0,None,None,None,None,None
"211632_Total",10,1,0,1,0,0,0,0,None,None,None,None,None
"859897_Total",37,1,2,4,0,0,0,0,None,None,None,None,None
"996378_Total",14,0,1,1,0,0,0,0,None,None,None,None,None
"1338252_Total",12,6,1,2,0,0,0,0,None,None,None,None,None
"1173700_Total",21,1,0,4,0,1,0,0,None,None,None,None,None
"1261753_Total",4,0,0,1,0,0,0,0,None,None,None,None,None
"1261675_Total",11,2,1,0,0,0,0,0,None,None,None,None,None
"1172369_Total",41,8,7,3,0,0,0,0,None,None,None,None,None
"857712_Total",14,1,0,2,0,0,0,0,None,None,None,None,None
"902848_Total",17,2,0,1,0,0,0,0,None,None,None,None,None
"1338251_Total",10,0,0,2,0,0,0,0,None,None,None,None,None
